Time,ds389.cn.opscompleted
2025-10-07 09:43:29,123
2025-10-07 09:44:29,138
2025-10-07 09:45:29,237
2025-10-07 09:46:29,270
2025-10-07 09:47:29,471
2025-10-07 09:48:29,526
2025-10-07 09:49:29,541
2025-10-07 09:50:29,680
2025-10-07 09:51:29,765
2025-10-07 09:52:29,834
2025-10-07 09:53:29,849
2025-10-07 09:54:29,988
2025-10-07 09:55:29,1003
2025-10-07 09:56:29,1018
2025-10-07 09:57:29,1033
2025-10-07 09:58:29,1048
2025-10-07 09:59:29,1063
2025-10-07 10:00:29,1078
2025-10-07 10:01:29,1093
2025-10-07 10:02:29,1108
2025-10-07 10:03:29,1123
2025-10-07 10:04:29,1138
2025-10-07 10:05:29,1153
2025-10-07 10:06:29,1168
2025-10-07 10:07:29,1183
2025-10-07 10:08:29,1198
2025-10-07 10:09:29,1213
2025-10-07 10:10:29,1228
2025-10-07 10:11:29,1243
2025-10-07 10:12:29,1258
2025-10-07 10:13:29,1273
2025-10-07 10:14:29,1288
2025-10-07 10:15:29,1303
2025-10-07 10:16:29,1318
2025-10-07 10:17:29,1333
2025-10-07 10:18:29,1348
2025-10-07 10:19:29,1363
2025-10-07 10:20:29,1378
2025-10-07 10:21:29,1393
2025-10-07 10:22:29,1408
2025-10-07 10:23:29,1423
2025-10-07 10:24:29,1438
2025-10-07 10:25:29,1453
2025-10-07 10:26:29,1468
2025-10-07 10:27:29,1483
2025-10-07 10:28:29,1498
2025-10-07 10:29:29,1513
2025-10-07 10:30:29,1528
2025-10-07 10:31:29,1543
2025-10-07 10:32:29,1558
2025-10-07 10:33:29,1573
2025-10-07 10:34:29,1588
2025-10-07 10:35:29,1603
2025-10-07 10:36:29,1618
2025-10-07 10:37:29,1633
2025-10-07 10:38:29,1648
2025-10-07 10:39:29,1663
2025-10-07 10:40:29,1678
2025-10-07 10:41:29,1693
2025-10-07 10:42:29,1708
2025-10-07 10:43:29,1723
2025-10-07 10:44:29,1738
2025-10-07 10:45:29,1753
2025-10-07 10:46:29,1768
2025-10-07 10:47:29,1783
2025-10-07 10:48:29,1798
2025-10-07 10:49:29,1813
2025-10-07 10:50:29,1828
2025-10-07 10:51:29,1834
2025-10-07 10:52:29,1834
2025-10-07 10:53:29,1834
2025-10-07 10:54:29,1834
2025-10-07 10:55:29,1834
2025-10-07 10:56:29,1834
2025-10-07 10:57:29,1834
2025-10-07 10:58:29,1834
2025-10-07 10:59:29,1834
2025-10-07 11:00:29,1843
2025-10-07 11:01:29,1843
2025-10-07 11:02:29,1843
2025-10-07 11:03:29,1843
2025-10-07 11:04:29,1843
2025-10-07 11:05:29,1843
2025-10-07 11:06:29,1843
2025-10-07 11:07:29,1843
2025-10-07 11:08:29,1843
2025-10-07 11:09:29,1843
2025-10-07 11:10:29,1861
2025-10-07 11:11:29,1876
2025-10-07 11:12:29,1891
2025-10-07 11:13:29,1906
2025-10-07 11:14:29,1921
2025-10-07 11:15:29,1936
2025-10-07 11:16:29,1951
2025-10-07 11:17:29,1966
2025-10-07 11:18:29,1981
2025-10-07 11:19:29,1996
2025-10-07 11:20:29,2011
2025-10-07 11:21:29,2026
2025-10-07 11:22:29,2041
2025-10-07 11:23:29,2056
2025-10-07 11:24:29,2071
2025-10-07 11:25:29,2086
2025-10-07 11:26:29,2101
2025-10-07 11:27:29,2116
2025-10-07 11:28:29,2131
2025-10-07 11:29:29,2146
2025-10-07 11:30:29,2161
2025-10-07 11:31:29,2176
2025-10-07 11:32:29,2191
2025-10-07 11:33:29,2206
2025-10-07 11:34:29,2221
2025-10-07 11:35:29,2236
2025-10-07 11:36:29,2251
2025-10-07 11:37:29,2266
2025-10-07 11:38:29,2281
2025-10-07 11:39:29,2296
2025-10-07 11:40:29,2311
2025-10-07 11:41:29,2326
2025-10-07 11:42:29,2341
2025-10-07 11:43:29,2356
2025-10-07 11:44:29,2371
2025-10-07 11:45:29,2386
2025-10-07 11:46:29,2401
2025-10-07 11:47:29,2416
2025-10-07 11:48:29,2431
2025-10-07 11:49:29,2446
2025-10-07 11:50:29,2461
2025-10-07 11:51:29,2476
2025-10-07 11:52:29,2491
2025-10-07 11:53:29,2506
2025-10-07 11:54:29,2521
2025-10-07 11:55:29,2536
2025-10-07 11:56:29,2551
2025-10-07 11:57:29,2566
2025-10-07 11:58:29,2581
2025-10-07 11:59:29,2596
2025-10-07 12:00:29,2611
2025-10-07 12:01:29,2626
2025-10-07 12:02:29,2641
2025-10-07 12:03:29,2656
2025-10-07 12:04:29,2671
2025-10-07 12:05:29,2686
2025-10-07 12:06:29,2701
2025-10-07 12:07:29,2716
2025-10-07 12:08:29,2731
2025-10-07 12:09:29,2746
2025-10-07 12:10:29,2761
2025-10-07 12:11:29,2776
2025-10-07 12:12:29,2791
2025-10-07 12:13:29,2806
2025-10-07 12:14:29,2821
2025-10-07 12:15:29,2836
2025-10-07 12:16:29,2851
2025-10-07 12:17:29,2866
2025-10-07 12:18:29,2881
2025-10-07 12:19:29,2896
2025-10-07 12:20:29,2911
2025-10-07 12:21:29,2926
2025-10-07 12:22:29,2941
2025-10-07 12:23:29,2956
2025-10-07 12:24:29,2956
2025-10-07 12:25:29,2956
2025-10-07 12:26:29,2956
2025-10-07 12:27:29,2956
2025-10-07 12:28:29,2956
2025-10-07 12:29:29,2956
2025-10-07 12:30:29,2956
2025-10-07 12:31:29,2956
2025-10-07 12:32:29,2956
2025-10-07 12:33:29,2956
2025-10-07 12:34:29,2956
2025-10-07 12:35:29,2956
2025-10-07 12:36:29,2956
2025-10-07 12:37:29,2956
2025-10-07 12:38:29,2956
2025-10-07 12:39:29,2956
2025-10-07 12:40:29,2956
2025-10-07 12:41:29,2956
2025-10-07 12:42:29,2956
2025-10-07 12:43:29,2956
2025-10-07 12:44:29,2956
2025-10-07 12:45:29,2956
2025-10-07 12:46:29,2956
2025-10-07 12:47:29,2956
2025-10-07 12:48:29,2956
2025-10-07 12:49:29,2956
2025-10-07 12:50:29,2956
2025-10-07 12:51:29,2956
2025-10-07 12:52:29,2956
2025-10-07 12:53:29,2956
2025-10-07 12:54:29,2956
2025-10-07 12:55:29,2956
2025-10-07 12:56:29,2956
2025-10-07 12:57:29,2956
2025-10-07 12:58:29,2956
2025-10-07 12:59:29,2956
2025-10-07 13:00:29,2956
2025-10-07 13:01:29,2956
2025-10-07 13:02:29,2956
2025-10-07 13:03:29,2956
2025-10-07 13:04:29,2956
2025-10-07 13:05:29,2956
2025-10-07 13:06:29,2956
2025-10-07 13:07:29,2956
2025-10-07 13:08:29,2956
2025-10-07 13:09:29,2956
2025-10-07 13:10:29,2956
2025-10-07 13:11:29,2956
2025-10-07 13:12:29,2956
2025-10-07 13:13:29,2956
2025-10-07 13:14:29,2956
2025-10-07 13:15:29,2956
2025-10-07 13:16:29,2956
2025-10-07 13:17:29,2956
2025-10-07 13:18:29,2956
2025-10-07 13:19:29,2956
2025-10-07 13:20:29,2956
2025-10-07 13:21:29,2956
2025-10-07 13:22:29,2956
2025-10-07 13:23:29,2956
2025-10-07 13:24:29,2956
2025-10-07 13:25:29,2956
2025-10-07 13:26:29,2956
2025-10-07 13:27:29,2962
2025-10-07 13:28:29,2962
2025-10-07 13:29:29,2962
2025-10-07 13:30:29,2962
2025-10-07 13:31:29,2962
2025-10-07 13:32:29,2962
2025-10-07 13:33:29,2962
2025-10-07 13:34:29,2962
2025-10-07 13:35:29,2962
2025-10-07 13:36:29,2962
2025-10-07 13:37:29,2962
2025-10-07 13:38:29,2962
2025-10-07 13:39:29,2962
2025-10-07 13:40:29,2962
2025-10-07 13:41:29,2962
2025-10-07 13:42:29,2962
2025-10-07 13:43:29,2962
2025-10-07 13:44:29,2962
2025-10-07 13:45:29,2962
2025-10-07 13:46:29,2962
2025-10-07 13:47:29,2962
2025-10-07 13:48:29,2962
2025-10-07 13:49:29,2962
2025-10-07 13:50:29,2962
2025-10-07 13:51:29,2962
2025-10-07 13:52:29,2962
2025-10-07 13:53:29,2962
2025-10-07 13:54:29,2962
2025-10-07 13:55:29,2962
2025-10-07 13:56:29,2962
2025-10-07 13:57:29,2962
2025-10-07 13:58:29,2962
2025-10-07 13:59:29,2962
2025-10-07 14:00:29,2962
2025-10-07 14:01:29,2962
2025-10-07 14:02:29,2962
2025-10-07 14:03:29,2962
2025-10-07 14:04:29,2962
2025-10-07 14:05:29,2962
2025-10-07 14:06:29,2962
2025-10-07 14:07:29,2962
2025-10-07 14:08:29,2962
2025-10-07 14:09:29,2962
2025-10-07 14:10:29,2962
2025-10-07 14:11:29,2962
2025-10-07 14:12:29,2962
2025-10-07 14:13:29,2962
2025-10-07 14:14:29,2962
2025-10-07 14:15:29,2962
2025-10-07 14:16:29,2962
2025-10-07 14:17:29,2962
2025-10-07 14:18:29,2962
2025-10-07 14:19:29,2962
2025-10-07 14:20:29,2962
2025-10-07 14:21:29,2962
2025-10-07 14:22:29,2962
2025-10-07 14:23:29,2962
2025-10-07 14:24:29,2962
2025-10-07 14:25:29,2962
2025-10-07 14:26:29,2962
2025-10-07 14:27:29,2962
2025-10-07 14:28:29,2962
2025-10-07 14:29:29,2962
2025-10-07 14:30:29,2980
2025-10-07 14:31:29,2995
2025-10-07 14:32:29,3010
2025-10-07 14:33:29,3025
2025-10-07 14:34:29,3040
2025-10-07 14:35:29,3055
2025-10-07 14:36:29,3070
2025-10-07 14:37:29,3085
2025-10-07 14:38:29,3100
2025-10-07 14:39:29,3115
2025-10-07 14:40:29,3130
2025-10-07 14:41:29,3145
2025-10-07 14:42:29,3160
2025-10-07 14:43:29,3175
2025-10-07 14:44:29,3190
2025-10-07 14:45:29,3205
2025-10-07 14:46:29,3220
2025-10-07 14:47:29,3235
2025-10-07 14:48:29,3250
2025-10-07 14:49:29,3265
2025-10-07 14:50:29,3280
2025-10-07 14:51:29,3295
2025-10-07 14:52:29,3310
2025-10-07 14:53:29,3325
2025-10-07 14:54:29,3340
2025-10-07 14:55:29,3355
2025-10-07 14:56:29,3370
2025-10-07 14:57:29,3385
2025-10-07 14:58:29,3400
2025-10-07 14:59:29,3415
2025-10-07 15:00:29,3430
2025-10-07 15:01:29,3445
2025-10-07 15:02:29,3460
2025-10-07 15:03:29,3475
2025-10-07 15:04:29,3490
2025-10-07 15:05:29,3505
2025-10-07 15:06:29,3520
2025-10-07 15:07:29,3535
2025-10-07 15:08:29,3550
2025-10-07 15:09:29,3565
2025-10-07 15:10:29,3580
2025-10-07 15:11:29,3595
2025-10-07 15:12:29,3610
2025-10-07 15:13:29,3625
2025-10-07 15:14:29,3625
2025-10-07 15:15:29,3625
2025-10-07 15:16:29,3625
2025-10-07 15:17:29,3625
2025-10-07 15:18:29,3625
2025-10-07 15:19:29,3625
2025-10-07 15:20:29,3625
2025-10-07 15:21:29,3625
2025-10-07 15:22:29,3625
2025-10-07 15:23:29,3625
2025-10-07 15:24:29,3625
2025-10-07 15:25:29,3625
2025-10-07 15:26:29,3625
2025-10-07 15:27:29,3625
2025-10-07 15:28:29,3625
2025-10-07 15:29:29,3625
2025-10-07 15:30:29,3625
2025-10-07 15:31:29,3625
2025-10-07 15:32:29,3625
2025-10-07 15:33:29,3625
2025-10-07 15:34:29,3625
2025-10-07 15:35:29,3625
2025-10-07 15:36:29,3625
2025-10-07 15:37:29,3625
2025-10-07 15:38:29,3625
2025-10-07 15:39:29,3625
2025-10-07 15:40:29,3625
2025-10-07 15:41:29,3625
2025-10-07 15:42:29,3625
2025-10-07 15:43:29,3625
2025-10-07 15:44:29,3625
2025-10-07 15:45:29,3625
2025-10-07 15:46:29,3625
2025-10-07 15:47:29,3625
2025-10-07 15:48:29,3625
2025-10-07 15:49:29,3625
2025-10-07 15:50:29,3625
2025-10-07 15:51:29,3625
2025-10-07 15:52:29,3625
2025-10-07 15:53:29,3625
2025-10-07 15:54:29,3625
2025-10-07 15:55:29,3625
2025-10-07 15:56:29,3625
2025-10-07 15:57:29,3625
2025-10-07 15:58:29,3625
2025-10-07 15:59:29,3625
2025-10-07 16:00:29,3625
2025-10-07 16:01:29,3625
2025-10-07 16:02:29,3625
2025-10-07 16:03:29,3625
2025-10-07 16:04:29,3625
2025-10-07 16:05:29,3625
2025-10-07 16:06:29,3625
2025-10-07 16:07:29,3625
2025-10-07 16:08:29,3625
2025-10-07 16:09:29,3625
2025-10-07 16:10:29,3625
2025-10-07 16:11:29,3625
2025-10-07 16:12:29,3625
2025-10-07 16:13:29,3625
2025-10-07 16:14:29,3625
2025-10-07 16:15:29,3625
2025-10-07 16:16:29,3625
2025-10-07 16:17:29,3625
2025-10-07 16:18:29,3625
2025-10-07 16:19:29,3625
2025-10-07 16:20:29,3625
2025-10-07 16:21:29,3625
2025-10-07 16:22:29,3625
2025-10-07 16:23:29,3625
2025-10-07 16:24:29,3625
2025-10-07 16:25:29,3625
2025-10-07 16:26:29,3625
2025-10-07 16:27:29,3625
2025-10-07 16:28:29,3625
2025-10-07 16:29:29,3625
2025-10-07 16:30:29,3625
2025-10-07 16:31:29,3625
2025-10-07 16:32:29,3625
2025-10-07 16:33:29,3625
2025-10-07 16:34:29,3625
2025-10-07 16:35:29,3625
2025-10-07 16:36:29,3625
2025-10-07 16:37:29,3625
2025-10-07 16:38:29,3625
2025-10-07 16:39:29,3625
2025-10-07 16:40:29,3625
2025-10-07 16:41:29,3625
2025-10-07 16:42:29,3625
2025-10-07 16:43:29,3625
2025-10-07 16:44:29,3625
2025-10-07 16:45:29,3625
2025-10-07 16:46:29,3625
2025-10-07 16:47:29,3625
2025-10-07 16:48:29,3625
2025-10-07 16:49:29,3625
2025-10-07 16:50:29,3625
2025-10-07 16:51:29,3625
2025-10-07 16:52:29,3625
2025-10-07 16:53:29,3625
2025-10-07 16:54:29,3625
2025-10-07 16:55:29,3625
2025-10-07 16:56:29,3625
2025-10-07 16:57:29,3625
2025-10-07 16:58:29,3625
2025-10-07 16:59:29,3625
2025-10-07 17:00:29,3625
2025-10-07 17:01:29,3625
2025-10-07 17:02:29,3625
2025-10-07 17:03:29,3625
2025-10-07 17:04:29,3625
2025-10-07 17:05:29,3625
2025-10-07 17:06:29,3625
2025-10-07 17:07:29,3625
2025-10-07 17:08:29,3625
2025-10-07 17:09:29,3625
2025-10-07 17:10:29,3625
2025-10-07 17:11:29,3625
2025-10-07 17:12:29,3625
2025-10-07 17:13:29,3625
2025-10-07 17:14:29,3625
2025-10-07 17:15:29,3625
2025-10-07 17:16:29,3625
2025-10-07 17:17:29,3625
2025-10-07 17:18:29,3625
2025-10-07 17:19:29,3625
2025-10-07 17:20:29,3625
2025-10-07 17:21:29,3625
2025-10-07 17:22:29,3625
2025-10-07 17:23:29,3625
2025-10-07 17:24:29,3625
2025-10-07 17:25:29,3625
2025-10-07 17:26:29,3625
2025-10-07 17:27:29,3625
2025-10-07 17:28:29,3625
2025-10-07 17:29:29,3625
2025-10-07 17:30:29,3625
2025-10-07 17:31:29,3625
2025-10-07 17:32:29,3625
2025-10-07 17:33:29,3625
2025-10-07 17:34:29,3625
2025-10-07 17:35:29,3625
2025-10-07 17:36:29,3625
2025-10-07 17:37:29,3625
2025-10-07 17:38:29,3625
2025-10-07 17:39:29,3630
2025-10-07 17:40:29,3630
2025-10-07 17:41:29,3630
2025-10-07 17:42:29,3630
2025-10-07 17:43:29,3630
2025-10-07 17:44:29,3630
2025-10-07 17:45:29,3630
2025-10-07 17:46:29,3630
2025-10-07 17:47:29,3630
2025-10-07 17:48:29,3630
2025-10-07 17:49:29,3630
2025-10-07 17:50:29,3630
2025-10-07 17:51:29,3630
2025-10-07 17:52:29,3630
2025-10-07 17:53:29,3630
2025-10-07 17:54:29,3630
2025-10-07 17:55:29,3630
2025-10-07 17:56:29,3630
2025-10-07 17:57:29,3630
2025-10-07 17:58:29,3630
2025-10-07 17:59:29,3630
2025-10-07 18:00:29,3630
2025-10-07 18:01:29,3630
2025-10-07 18:02:29,3630
2025-10-07 18:03:29,3630
2025-10-07 18:04:29,3630
2025-10-07 18:05:29,3630
2025-10-07 18:06:29,3630
2025-10-07 18:07:29,3630
2025-10-07 18:08:29,3630
2025-10-07 18:09:29,3630
2025-10-07 18:10:29,3630
2025-10-07 18:11:29,3630
2025-10-07 18:12:29,3630
2025-10-07 18:13:29,3630
2025-10-07 18:14:29,3630
2025-10-07 18:15:29,3630
2025-10-07 18:16:29,3630
2025-10-07 18:17:29,3630
2025-10-07 18:18:29,3630
2025-10-07 18:19:29,3630
2025-10-07 18:20:29,3630
2025-10-07 18:21:29,3630
2025-10-07 18:22:29,3630
2025-10-07 18:23:29,3630
2025-10-07 18:24:29,3630
2025-10-07 18:25:29,3630
2025-10-07 18:26:29,3630
2025-10-07 18:27:29,3630
2025-10-07 18:28:29,3630
2025-10-07 18:29:29,3630
2025-10-07 18:30:29,3630
2025-10-07 18:31:29,3630
2025-10-07 18:32:29,3630
2025-10-07 18:33:29,3630
2025-10-07 18:34:29,3630
2025-10-07 18:35:29,3630
2025-10-07 18:36:29,3630
2025-10-07 18:37:29,3630
2025-10-07 18:38:29,3630
2025-10-07 18:39:29,3630
2025-10-07 18:40:29,3630
2025-10-07 18:41:29,3630
2025-10-07 18:42:29,3630
2025-10-07 18:43:29,3630
2025-10-07 18:44:29,3630
2025-10-07 18:45:29,3630
2025-10-07 18:46:29,3630
2025-10-07 18:47:29,3630
2025-10-07 18:48:29,3630
2025-10-07 18:49:29,3630
2025-10-07 18:50:29,3630
2025-10-07 18:51:29,3630
2025-10-07 18:52:29,3630
2025-10-07 18:53:29,3630
2025-10-07 18:54:29,3630
2025-10-07 18:55:29,3630
2025-10-07 18:56:29,3630
2025-10-07 18:57:29,3630
2025-10-07 18:58:29,3630
2025-10-07 18:59:29,3630
2025-10-07 19:00:29,3630
2025-10-07 19:01:29,3630
2025-10-07 19:02:29,3630
2025-10-07 19:03:29,3630
2025-10-07 19:04:29,3630
2025-10-07 19:05:29,3630
2025-10-07 19:06:29,3630
2025-10-07 19:07:29,3630
2025-10-07 19:08:29,3630
2025-10-07 19:09:29,3630
2025-10-07 19:10:29,3630
2025-10-07 19:11:29,3630
2025-10-07 19:12:29,3630
2025-10-07 19:13:29,3630
2025-10-07 19:14:29,3630
2025-10-07 19:15:29,3630
2025-10-07 19:16:29,3630
2025-10-07 19:17:29,3630
2025-10-07 19:18:29,3630
2025-10-07 19:19:29,3630
2025-10-07 19:20:29,3630
2025-10-07 19:21:29,3630
2025-10-07 19:22:29,3630
2025-10-07 19:23:29,3630
2025-10-07 19:24:29,3630
2025-10-07 19:25:29,3630
2025-10-07 19:26:29,3630
2025-10-07 19:27:29,3630
2025-10-07 19:28:29,3630
2025-10-07 19:29:29,3630
2025-10-07 19:30:29,3630
2025-10-07 19:31:29,3630
2025-10-07 19:32:29,3630
2025-10-07 19:33:29,3630
2025-10-07 19:34:29,3630
2025-10-07 19:35:29,3630
2025-10-07 19:36:29,3630
2025-10-07 19:37:29,3630
2025-10-07 19:38:29,3630
2025-10-07 19:39:29,3630
2025-10-07 19:40:29,3630
2025-10-07 19:41:29,3630
2025-10-07 19:42:29,3630
2025-10-07 19:43:29,3630
2025-10-07 19:44:29,3630
2025-10-07 19:45:29,3630
2025-10-07 19:46:29,3630
2025-10-07 19:47:29,3630
2025-10-07 19:48:29,3630
2025-10-07 19:49:29,3630
2025-10-07 19:50:29,3630
2025-10-07 19:51:29,3630
2025-10-07 19:52:29,3630
2025-10-07 19:53:29,3630
2025-10-07 19:54:29,3630
2025-10-07 19:55:29,3630
2025-10-07 19:56:29,3630
2025-10-07 19:57:29,3630
2025-10-07 19:58:29,3630
2025-10-07 19:59:29,3630
2025-10-07 20:00:29,3630
2025-10-07 20:01:29,3630
2025-10-07 20:02:29,3630
2025-10-07 20:03:29,3630
2025-10-07 20:04:29,3630
2025-10-07 20:05:29,3649
2025-10-07 20:06:29,3664
2025-10-07 20:07:29,3679
2025-10-07 20:08:29,3694
2025-10-07 20:09:29,3709
2025-10-07 20:10:29,3724
2025-10-07 20:11:29,3739
2025-10-07 20:12:29,3754
2025-10-07 20:13:29,3769
2025-10-07 20:14:29,3784
2025-10-07 20:15:29,3799
2025-10-07 20:16:29,3814
2025-10-07 20:17:29,3829
2025-10-07 20:18:29,3844
2025-10-07 20:19:29,3859
2025-10-07 20:20:29,3874
2025-10-07 20:21:29,3889
2025-10-07 20:22:29,3904
2025-10-07 20:23:29,3919
2025-10-07 20:24:29,3934
2025-10-07 20:25:29,3949
2025-10-07 20:26:29,3964
2025-10-07 20:27:29,3979
2025-10-07 20:28:29,3994
2025-10-07 20:29:29,4009
2025-10-07 20:30:29,4024
2025-10-07 20:31:29,4039
2025-10-07 20:32:29,4054
2025-10-07 20:33:29,4069
2025-10-07 20:34:29,4084
2025-10-07 20:35:29,4099
2025-10-07 20:36:29,4114
2025-10-07 20:37:29,4129
2025-10-07 20:38:29,4144
2025-10-07 20:39:29,4159
2025-10-07 20:40:29,4174
2025-10-07 20:41:29,4189
2025-10-07 20:42:29,4204
2025-10-07 20:43:29,4219
2025-10-07 20:44:29,4234
2025-10-07 20:45:29,4249
2025-10-07 20:46:29,4264
2025-10-07 20:47:29,4279
2025-10-07 20:48:29,4294
2025-10-07 20:49:29,4309
2025-10-07 20:50:29,4324
2025-10-07 20:51:29,4339
2025-10-07 20:52:29,4354
2025-10-07 20:53:29,4369
2025-10-07 20:54:29,4384
2025-10-07 20:55:29,4399
2025-10-07 20:56:29,4414
2025-10-07 20:57:29,4429
2025-10-07 20:58:29,4444
2025-10-07 20:59:29,4459
2025-10-07 21:00:29,4474
2025-10-07 21:01:29,4489
2025-10-07 21:02:29,4504
2025-10-07 21:03:29,4519
2025-10-07 21:04:29,4534
2025-10-07 21:05:29,4549
2025-10-07 21:06:29,4564
2025-10-07 21:07:29,4579
2025-10-07 21:08:29,4594
2025-10-07 21:09:29,4609
2025-10-07 21:10:29,4624
2025-10-07 21:11:29,4639
2025-10-07 21:12:29,4654
2025-10-07 21:13:29,4669
2025-10-07 21:14:29,4684
2025-10-07 21:15:29,4699
2025-10-07 21:16:29,4714
2025-10-07 21:17:29,4729
2025-10-07 21:18:29,4744
2025-10-07 21:19:29,4759
2025-10-07 21:20:29,4774
2025-10-07 21:21:29,4789
2025-10-07 21:22:29,4804
2025-10-07 21:23:29,4819
2025-10-07 21:24:29,4834
2025-10-07 21:25:29,4849
2025-10-07 21:26:29,4864
2025-10-07 21:27:29,4879
2025-10-07 21:28:29,4894
2025-10-07 21:29:29,4909
2025-10-07 21:30:29,4924
2025-10-07 21:31:29,4939
2025-10-07 21:32:29,4954
2025-10-07 21:33:29,4969
2025-10-07 21:34:29,4984
2025-10-07 21:35:29,4999
2025-10-07 21:36:29,5014
2025-10-07 21:37:29,5029
2025-10-07 21:38:29,5044
2025-10-07 21:39:29,5059
2025-10-07 21:40:29,5074
2025-10-07 21:41:29,5089
2025-10-07 21:42:29,5104
2025-10-07 21:43:29,5119
2025-10-07 21:44:29,5134
2025-10-07 21:45:29,5149
2025-10-07 21:46:29,5164
2025-10-07 21:47:29,5179
2025-10-07 21:48:29,5194
2025-10-07 21:49:29,5209
2025-10-07 21:50:29,5224
2025-10-07 21:51:29,5239
2025-10-07 21:52:29,5254
2025-10-07 21:53:29,5269
2025-10-07 21:54:29,5284
2025-10-07 21:55:29,5299
2025-10-07 21:56:29,5314
2025-10-07 21:57:29,5314
2025-10-07 21:58:29,5314
2025-10-07 21:59:29,5314
2025-10-07 22:00:29,5314
2025-10-07 22:01:29,5314
2025-10-07 22:02:29,5314
2025-10-07 22:03:29,5314
2025-10-07 22:04:29,5314
2025-10-07 22:05:29,5314
2025-10-07 22:06:29,5314
2025-10-07 22:07:29,5314
2025-10-07 22:08:29,5314
2025-10-07 22:09:29,5314
2025-10-07 22:10:29,5314
2025-10-07 22:11:29,5314
2025-10-07 22:12:29,5314
2025-10-07 22:13:29,5314
2025-10-07 22:14:29,5314
2025-10-07 22:15:29,5314
2025-10-07 22:16:29,5314
2025-10-07 22:17:29,5314
2025-10-07 22:18:29,5314
2025-10-07 22:19:29,5314
2025-10-07 22:20:29,5314
2025-10-07 22:21:29,5314
2025-10-07 22:22:29,5314
2025-10-07 22:23:29,5314
2025-10-07 22:24:29,5314
2025-10-07 22:25:29,5314
2025-10-07 22:26:29,5314
2025-10-07 22:27:29,5314
2025-10-07 22:28:29,5314
2025-10-07 22:29:29,5314
2025-10-07 22:30:29,5314
2025-10-07 22:31:29,5314
2025-10-07 22:32:29,5314
2025-10-07 22:33:29,5314
2025-10-07 22:34:29,5314
2025-10-07 22:35:29,5314
2025-10-07 22:36:29,5314
2025-10-07 22:37:29,5314
2025-10-07 22:38:29,5314
2025-10-07 22:39:29,5314
2025-10-07 22:40:29,5314
2025-10-07 22:41:29,5314
2025-10-07 22:42:29,5314
2025-10-07 22:43:29,5314
2025-10-07 22:44:29,5314
2025-10-07 22:45:29,5314
2025-10-07 22:46:29,5314
2025-10-07 22:47:29,5314
2025-10-07 22:48:29,5314
2025-10-07 22:49:29,5314
2025-10-07 22:50:29,5314
2025-10-07 22:51:29,5314
2025-10-07 22:52:29,5314
2025-10-07 22:53:29,5314
2025-10-07 22:54:29,5314
2025-10-07 22:55:29,5314
2025-10-07 22:56:29,5314
2025-10-07 22:57:29,5314
2025-10-07 22:58:29,5314
2025-10-07 22:59:29,5314
2025-10-07 23:00:29,5314
2025-10-07 23:01:29,5314
2025-10-07 23:02:29,5314
2025-10-07 23:03:29,5314
2025-10-07 23:04:29,5314
2025-10-07 23:05:29,5314
2025-10-07 23:06:29,5314
2025-10-07 23:07:29,5314
2025-10-07 23:08:29,5314
2025-10-07 23:09:29,5314
2025-10-07 23:10:29,5314
2025-10-07 23:11:29,5314
2025-10-07 23:12:29,5314
2025-10-07 23:13:29,5314
2025-10-07 23:14:29,5314
2025-10-07 23:15:29,5314
2025-10-07 23:16:29,5314
2025-10-07 23:17:29,5314
2025-10-07 23:18:29,5314
2025-10-07 23:19:29,5314
2025-10-07 23:20:29,5314
2025-10-07 23:21:29,5314
2025-10-07 23:22:29,5314
2025-10-07 23:23:29,5314
2025-10-07 23:24:29,5314
2025-10-07 23:25:29,5314
2025-10-07 23:26:29,5314
2025-10-07 23:27:29,5314
2025-10-07 23:28:29,5314
2025-10-07 23:29:29,5314
2025-10-07 23:30:29,5314
2025-10-07 23:31:29,5314
2025-10-07 23:32:29,5314
2025-10-07 23:33:29,5314
2025-10-07 23:34:29,5314
2025-10-07 23:35:29,5314
2025-10-07 23:36:29,5314
2025-10-07 23:37:29,5314
2025-10-07 23:38:29,5314
2025-10-07 23:39:29,5314
2025-10-07 23:40:29,5314
2025-10-07 23:41:29,5314
2025-10-07 23:42:29,5314
2025-10-07 23:43:29,5314
2025-10-07 23:44:29,5314
2025-10-07 23:45:29,5314
2025-10-07 23:46:29,5314
2025-10-07 23:47:29,5314
2025-10-07 23:48:29,5314
2025-10-07 23:49:29,5314
2025-10-07 23:50:29,5314
2025-10-07 23:51:29,5314
2025-10-07 23:52:29,5314
2025-10-07 23:53:29,5314
2025-10-07 23:54:29,5314
2025-10-07 23:55:29,5314
2025-10-07 23:56:29,5314
2025-10-07 23:57:29,5314
2025-10-07 23:58:29,5314
2025-10-07 23:59:29,5314
2025-10-08 00:00:29,5314
2025-10-08 00:01:29,5314
2025-10-08 00:02:29,5314
2025-10-08 00:03:29,5314
2025-10-08 00:04:29,5314
2025-10-08 00:05:29,5314
2025-10-08 00:06:29,5314
2025-10-08 00:07:29,5314
2025-10-08 00:08:29,5314
2025-10-08 00:09:29,5314
2025-10-08 00:10:29,5314
2025-10-08 00:11:29,5314
2025-10-08 00:12:29,5314
2025-10-08 00:13:29,5314
2025-10-08 00:14:29,5314
2025-10-08 00:15:29,5314
2025-10-08 00:16:29,5314
2025-10-08 00:17:29,5314
2025-10-08 00:18:29,5314
2025-10-08 00:19:29,5314
2025-10-08 00:20:29,5314
2025-10-08 00:21:29,5314
2025-10-08 00:22:29,5314
2025-10-08 00:23:29,5314
2025-10-08 00:24:29,5314
2025-10-08 00:25:29,5314
2025-10-08 00:26:29,5314
2025-10-08 00:27:29,5314
2025-10-08 00:28:29,5314
2025-10-08 00:29:29,5314
2025-10-08 00:30:29,5314
2025-10-08 00:31:29,5314
2025-10-08 00:32:29,5314
2025-10-08 00:33:29,5314
2025-10-08 00:34:29,5314
2025-10-08 00:35:29,5314
2025-10-08 00:36:29,5314
2025-10-08 00:37:29,5314
2025-10-08 00:38:29,5314
2025-10-08 00:39:29,5314
2025-10-08 00:40:29,5314
2025-10-08 00:41:29,5314
2025-10-08 00:42:29,5314
2025-10-08 00:43:29,5314
2025-10-08 00:44:29,5314
2025-10-08 00:45:29,5314
2025-10-08 00:46:29,5314
2025-10-08 00:47:29,5314
2025-10-08 00:48:29,5314
2025-10-08 00:49:29,5314
2025-10-08 00:50:29,5314
2025-10-08 00:51:29,5314
2025-10-08 00:52:29,5314
2025-10-08 00:53:29,5314
2025-10-08 00:54:29,5314
2025-10-08 00:55:29,5314
2025-10-08 00:56:29,5314
2025-10-08 00:57:29,5314
2025-10-08 00:58:29,5314
2025-10-08 00:59:29,5314
2025-10-08 01:00:29,5314
2025-10-08 01:01:29,5314
2025-10-08 01:02:29,5314
2025-10-08 01:03:29,5314
2025-10-08 01:04:29,5314
2025-10-08 01:05:29,5314
2025-10-08 01:06:29,5314
2025-10-08 01:07:29,5314
2025-10-08 01:08:29,5314
2025-10-08 01:09:29,5314
2025-10-08 01:10:29,5314
2025-10-08 01:11:29,5314
2025-10-08 01:12:29,5314
2025-10-08 01:13:29,5314
2025-10-08 01:14:29,5314
2025-10-08 01:15:29,5314
2025-10-08 01:16:29,5314
2025-10-08 01:17:29,5314
2025-10-08 01:18:29,5314
2025-10-08 01:19:29,5314
2025-10-08 01:20:29,5314
2025-10-08 01:21:29,5314
2025-10-08 01:22:29,5314
2025-10-08 01:23:29,5314
2025-10-08 01:24:29,5314
2025-10-08 01:25:29,5314
2025-10-08 01:26:29,5314
2025-10-08 01:27:29,5314
2025-10-08 01:28:29,5314
2025-10-08 01:29:29,5314
2025-10-08 01:30:29,5314
2025-10-08 01:31:29,5314
2025-10-08 01:32:29,5314
2025-10-08 01:33:29,5314
2025-10-08 01:34:29,5314
2025-10-08 01:35:29,5314
2025-10-08 01:36:29,5314
2025-10-08 01:37:29,5314
2025-10-08 01:38:29,5314
2025-10-08 01:39:29,5314
2025-10-08 01:40:29,5314
2025-10-08 01:41:29,5314
2025-10-08 01:42:29,5314
2025-10-08 01:43:29,5314
2025-10-08 01:44:29,5314
2025-10-08 01:45:29,5314
2025-10-08 01:46:29,5314
2025-10-08 01:47:29,5314
2025-10-08 01:48:29,5314
2025-10-08 01:49:29,5314
2025-10-08 01:50:29,5314
2025-10-08 01:51:29,5314
2025-10-08 01:52:29,5314
2025-10-08 01:53:29,5314
2025-10-08 01:54:29,5314
2025-10-08 01:55:29,5314
2025-10-08 01:56:29,5314
2025-10-08 01:57:29,5314
2025-10-08 01:58:29,5314
2025-10-08 01:59:29,5314
2025-10-08 02:00:29,5314
2025-10-08 02:01:29,5314
2025-10-08 02:02:29,5314
2025-10-08 02:03:29,5314
2025-10-08 02:04:29,5314
2025-10-08 02:05:29,5314
2025-10-08 02:06:29,5314
2025-10-08 02:07:29,5314
2025-10-08 02:08:29,5314
2025-10-08 02:09:29,5314
2025-10-08 02:10:29,5314
2025-10-08 02:11:29,5314
2025-10-08 02:12:29,5314
2025-10-08 02:13:29,5314
2025-10-08 02:14:29,5314
2025-10-08 02:15:29,5314
2025-10-08 02:16:29,5314
2025-10-08 02:17:29,5314
2025-10-08 02:18:29,5314
2025-10-08 02:19:29,5314
2025-10-08 02:20:29,5314
2025-10-08 02:21:29,5314
2025-10-08 02:22:29,5314
2025-10-08 02:23:29,5314
2025-10-08 02:24:29,5314
2025-10-08 02:25:29,5314
2025-10-08 02:26:29,5314
2025-10-08 02:27:29,5314
2025-10-08 02:28:29,5314
2025-10-08 02:29:29,5314
2025-10-08 02:30:29,5314
2025-10-08 02:31:29,5314
2025-10-08 02:32:29,5314
2025-10-08 02:33:29,5314
2025-10-08 02:34:29,5314
2025-10-08 02:35:29,5314
2025-10-08 02:36:29,5314
2025-10-08 02:37:29,5314
2025-10-08 02:38:29,5314
2025-10-08 02:39:29,5314
2025-10-08 02:40:29,5314
2025-10-08 02:41:29,5314
2025-10-08 02:42:29,5314
2025-10-08 02:43:29,5314
2025-10-08 02:44:29,5314
2025-10-08 02:45:29,5314
2025-10-08 02:46:29,5314
2025-10-08 02:47:29,5314
2025-10-08 02:48:29,5314
2025-10-08 02:49:29,5314
2025-10-08 02:50:29,5314
2025-10-08 02:51:29,5314
2025-10-08 02:52:29,5314
2025-10-08 02:53:29,5314
2025-10-08 02:54:29,5314
2025-10-08 02:55:29,5314
2025-10-08 02:56:29,5314
2025-10-08 02:57:29,5314
2025-10-08 02:58:29,5314
2025-10-08 02:59:29,5314
2025-10-08 03:00:29,5314
2025-10-08 03:01:29,5314
2025-10-08 03:02:29,5314
2025-10-08 03:03:29,5314
2025-10-08 03:04:29,5314
2025-10-08 03:05:29,5314
2025-10-08 03:06:29,5314
2025-10-08 03:07:29,5314
2025-10-08 03:08:29,5314
2025-10-08 03:09:29,5314
2025-10-08 03:10:29,5314
2025-10-08 03:11:29,5314
2025-10-08 03:12:29,5314
2025-10-08 03:13:29,5314
2025-10-08 03:14:29,5314
2025-10-08 03:15:29,5314
2025-10-08 03:16:29,5314
2025-10-08 03:17:29,5314
2025-10-08 03:18:29,5314
2025-10-08 03:19:29,5314
2025-10-08 03:20:29,5314
2025-10-08 03:21:29,5314
2025-10-08 03:22:29,5314
2025-10-08 03:23:29,5314
2025-10-08 03:24:29,5314
2025-10-08 03:25:29,5314
2025-10-08 03:26:29,5314
2025-10-08 03:27:29,5314
2025-10-08 03:28:29,5314
2025-10-08 03:29:29,5322
2025-10-08 03:30:29,5322
2025-10-08 03:31:29,5322
2025-10-08 03:32:29,5322
2025-10-08 03:33:29,5322
2025-10-08 03:34:29,5322
2025-10-08 03:35:29,5322
2025-10-08 03:36:29,5322
2025-10-08 03:37:29,5322
2025-10-08 03:38:29,5322
2025-10-08 03:39:29,5322
2025-10-08 03:40:29,5322
2025-10-08 03:41:29,5322
2025-10-08 03:42:29,5322
2025-10-08 03:43:29,5322
2025-10-08 03:44:29,5322
2025-10-08 03:45:29,5322
2025-10-08 03:46:29,5322
2025-10-08 03:47:29,5322
2025-10-08 03:48:29,5322
2025-10-08 03:49:29,5322
2025-10-08 03:50:29,5322
2025-10-08 03:51:29,5322
2025-10-08 03:52:29,5322
2025-10-08 03:53:29,5322
2025-10-08 03:54:29,5322
2025-10-08 03:55:29,5322
2025-10-08 03:56:29,5322
2025-10-08 03:57:29,5322
2025-10-08 03:58:29,5322
2025-10-08 03:59:29,5322
2025-10-08 04:00:29,5322
2025-10-08 04:01:29,5322
2025-10-08 04:02:29,5322
2025-10-08 04:03:29,5322
2025-10-08 04:04:29,5322
2025-10-08 04:05:29,5322
2025-10-08 04:06:29,5322
2025-10-08 04:07:29,5322
2025-10-08 04:08:29,5322
2025-10-08 04:09:29,5322
2025-10-08 04:10:29,5322
2025-10-08 04:11:29,5322
2025-10-08 04:12:29,5322
2025-10-08 04:13:29,5322
2025-10-08 04:14:29,5322
2025-10-08 04:15:29,5322
2025-10-08 04:16:29,5322
2025-10-08 04:17:29,5322
2025-10-08 04:18:29,5322
2025-10-08 04:19:29,5322
2025-10-08 04:20:29,5322
2025-10-08 04:21:29,5322
2025-10-08 04:22:29,5322
2025-10-08 04:23:29,5322
2025-10-08 04:24:29,5322
2025-10-08 04:25:29,5322
2025-10-08 04:26:29,5322
2025-10-08 04:27:29,5322
2025-10-08 04:28:29,5322
2025-10-08 04:29:29,5322
2025-10-08 04:30:29,5322
2025-10-08 04:31:29,5322
2025-10-08 04:32:29,5322
2025-10-08 04:33:29,5322
2025-10-08 04:34:29,5322
2025-10-08 04:35:29,5322
2025-10-08 04:36:29,5322
2025-10-08 04:37:29,5322
2025-10-08 04:38:29,5322
2025-10-08 04:39:29,5322
2025-10-08 04:40:29,5322
2025-10-08 04:41:29,5322
2025-10-08 04:42:29,5322
2025-10-08 04:43:29,5322
2025-10-08 04:44:29,5322
2025-10-08 04:45:29,5322
2025-10-08 04:46:29,5322
2025-10-08 04:47:29,5322
2025-10-08 04:48:29,5322
2025-10-08 04:49:29,5322
2025-10-08 04:50:29,5322
2025-10-08 04:51:29,5322
2025-10-08 04:52:29,5322
2025-10-08 04:53:29,5322
2025-10-08 04:54:29,5322
2025-10-08 04:55:29,5322
2025-10-08 04:56:29,5322
2025-10-08 04:57:29,5322
2025-10-08 04:58:29,5322
2025-10-08 04:59:29,5322
2025-10-08 05:00:29,5322
2025-10-08 05:01:29,5322
2025-10-08 05:02:29,5322
2025-10-08 05:03:29,5322
2025-10-08 05:04:29,5322
2025-10-08 05:05:29,5322
2025-10-08 05:06:29,5322
2025-10-08 05:07:29,5322
2025-10-08 05:08:29,5322
2025-10-08 05:09:29,5322
2025-10-08 05:10:29,5322
2025-10-08 05:11:29,5322
2025-10-08 05:12:29,5322
2025-10-08 05:13:29,5322
2025-10-08 05:14:29,5322
2025-10-08 05:15:29,5322
2025-10-08 05:16:29,5322
2025-10-08 05:17:29,5322
2025-10-08 05:18:29,5322
2025-10-08 05:19:29,5322
2025-10-08 05:20:29,5322
2025-10-08 05:21:29,5322
2025-10-08 05:22:29,5322
2025-10-08 05:23:29,5322
2025-10-08 05:24:29,5322
2025-10-08 05:25:29,5322
2025-10-08 05:26:29,5322
2025-10-08 05:27:29,5322
2025-10-08 05:28:29,5322
2025-10-08 05:29:29,5322
2025-10-08 05:30:29,5322
2025-10-08 05:31:29,5322
2025-10-08 05:32:29,5322
2025-10-08 05:33:29,5322
2025-10-08 05:34:29,5322
2025-10-08 05:35:29,5322
2025-10-08 05:36:29,5322
2025-10-08 05:37:29,5322
2025-10-08 05:38:29,5322
2025-10-08 05:39:29,5322
2025-10-08 05:40:29,5322
2025-10-08 05:41:29,5322
2025-10-08 05:42:29,5322
2025-10-08 05:43:29,5322
2025-10-08 05:44:29,5322
2025-10-08 05:45:29,5322
2025-10-08 05:46:29,5322
2025-10-08 05:47:29,5322
2025-10-08 05:48:29,5322
2025-10-08 05:49:29,5322
2025-10-08 05:50:29,5322
2025-10-08 05:51:29,5322
2025-10-08 05:52:29,5322
2025-10-08 05:53:29,5322
2025-10-08 05:54:29,5322
2025-10-08 05:55:29,5322
2025-10-08 05:56:29,5322
2025-10-08 05:57:29,5322
2025-10-08 05:58:29,5322
2025-10-08 05:59:29,5322
2025-10-08 06:00:29,5322
2025-10-08 06:01:29,5322
2025-10-08 06:02:29,5322
2025-10-08 06:03:29,5322
2025-10-08 06:04:29,5322
2025-10-08 06:05:29,5322
2025-10-08 06:06:29,5322
2025-10-08 06:07:29,5322
2025-10-08 06:08:29,5322
2025-10-08 06:09:29,5322
2025-10-08 06:10:29,5322
2025-10-08 06:11:29,5322
2025-10-08 06:12:29,5322
2025-10-08 06:13:29,5322
2025-10-08 06:14:29,5322
2025-10-08 06:15:29,5322
2025-10-08 06:16:29,5322
2025-10-08 06:17:29,5322
2025-10-08 06:18:29,5322
2025-10-08 06:19:29,5322
2025-10-08 06:20:29,5322
2025-10-08 06:21:29,5322
2025-10-08 06:22:29,5322
2025-10-08 06:23:29,5322
2025-10-08 06:24:29,5322
2025-10-08 06:25:29,5322
2025-10-08 06:26:29,5322
2025-10-08 06:27:29,5322
2025-10-08 06:28:29,5322
2025-10-08 06:29:29,5322
2025-10-08 06:30:29,5322
2025-10-08 06:31:29,5322
2025-10-08 06:32:29,5322
2025-10-08 06:33:29,5322
2025-10-08 06:34:29,5322
2025-10-08 06:35:29,5322
2025-10-08 06:36:29,5322
2025-10-08 06:37:29,5322
2025-10-08 06:38:29,5322
2025-10-08 06:39:29,5322
2025-10-08 06:40:29,5322
2025-10-08 06:41:29,5322
2025-10-08 06:42:29,5322
2025-10-08 06:43:29,5322
2025-10-08 06:44:29,5322
2025-10-08 06:45:29,5322
2025-10-08 06:46:29,5322
2025-10-08 06:47:29,5322
2025-10-08 06:48:29,5322
2025-10-08 06:49:29,5322
2025-10-08 06:50:29,5322
2025-10-08 06:51:29,5322
2025-10-08 06:52:29,5322
2025-10-08 06:53:29,5322
2025-10-08 06:54:29,5322
2025-10-08 06:55:29,5322
2025-10-08 06:56:29,5322
2025-10-08 06:57:29,5322
2025-10-08 06:58:29,5322
2025-10-08 06:59:29,5322
2025-10-08 07:00:29,5322
2025-10-08 07:01:29,5322
2025-10-08 07:02:29,5322
2025-10-08 07:03:29,5322
2025-10-08 07:04:29,5322
2025-10-08 07:05:29,5322
2025-10-08 07:06:29,5322
2025-10-08 07:07:29,5322
2025-10-08 07:08:29,5322
2025-10-08 07:09:29,5322
2025-10-08 07:10:29,5322
2025-10-08 07:11:29,5322
2025-10-08 07:12:29,5322
2025-10-08 07:13:29,5322
2025-10-08 07:14:29,5322
2025-10-08 07:15:29,5322
2025-10-08 07:16:29,5322
2025-10-08 07:17:29,5322
2025-10-08 07:18:29,5322
2025-10-08 07:19:29,5322
2025-10-08 07:20:29,5322
2025-10-08 07:21:29,5322
2025-10-08 07:22:29,5322
2025-10-08 07:23:29,5322
2025-10-08 07:24:29,5322
2025-10-08 07:25:29,5322
2025-10-08 07:26:29,5322
2025-10-08 07:27:29,5322
2025-10-08 07:28:29,5322
2025-10-08 07:29:29,5322
2025-10-08 07:30:29,5322
2025-10-08 07:31:29,5322
2025-10-08 07:32:29,5322
2025-10-08 07:33:29,5322
2025-10-08 07:34:29,5322
2025-10-08 07:35:29,5322
2025-10-08 07:36:29,5322
2025-10-08 07:37:29,5322
2025-10-08 07:38:29,5322
2025-10-08 07:39:29,5322
2025-10-08 07:40:29,5322
2025-10-08 07:41:29,5322
2025-10-08 07:42:29,5322
2025-10-08 07:43:29,5322
2025-10-08 07:44:29,5322
2025-10-08 07:45:29,5322
2025-10-08 07:46:29,5322
2025-10-08 07:47:29,5322
2025-10-08 07:48:29,5322
2025-10-08 07:49:29,5322
2025-10-08 07:50:29,5322
2025-10-08 07:51:29,5322
2025-10-08 07:52:29,5322
2025-10-08 07:53:29,5322
2025-10-08 07:54:29,5322
2025-10-08 07:55:29,5322
2025-10-08 07:56:29,5322
2025-10-08 07:57:29,5322
2025-10-08 07:58:29,5322
2025-10-08 07:59:29,5322
2025-10-08 08:00:29,5322
2025-10-08 08:01:29,5322
2025-10-08 08:02:29,5322
2025-10-08 08:03:29,5322
2025-10-08 08:04:29,5322
2025-10-08 08:05:29,5322
2025-10-08 08:06:29,5322
2025-10-08 08:07:29,5322
2025-10-08 08:08:29,5322
2025-10-08 08:09:29,5322
2025-10-08 08:10:29,5322
2025-10-08 08:11:29,5322
2025-10-08 08:12:29,5322
2025-10-08 08:13:29,5322
2025-10-08 08:14:29,5322
2025-10-08 08:15:29,5322
2025-10-08 08:16:29,5322
2025-10-08 08:17:29,5322
2025-10-08 08:18:29,5322
2025-10-08 08:19:29,5322
2025-10-08 08:20:29,5322
2025-10-08 08:21:29,5322
2025-10-08 08:22:29,5322
2025-10-08 08:23:29,5322
2025-10-08 08:24:29,5322
2025-10-08 08:25:29,5322
2025-10-08 08:26:29,5322
2025-10-08 08:27:29,5322
2025-10-08 08:28:29,5322
2025-10-08 08:29:29,5322
2025-10-08 08:30:29,5322
2025-10-08 08:31:29,5322
2025-10-08 08:32:29,5322
2025-10-08 08:33:29,5322
2025-10-08 08:34:29,5322
2025-10-08 08:35:29,5322
2025-10-08 08:36:29,5322
2025-10-08 08:37:29,5322
2025-10-08 08:38:29,5322
2025-10-08 08:39:29,5322
2025-10-08 08:40:29,5322
2025-10-08 08:41:29,5322
2025-10-08 08:42:29,5322
2025-10-08 08:43:29,5322
2025-10-08 08:44:29,5322
2025-10-08 08:45:29,5322
2025-10-08 08:46:29,5322
2025-10-08 08:47:29,5322
2025-10-08 08:48:29,5322
2025-10-08 08:49:29,5322
2025-10-08 08:50:29,5322
2025-10-08 08:51:29,5322
2025-10-08 08:52:29,5322
2025-10-08 08:53:29,5322
2025-10-08 08:54:29,5322
2025-10-08 08:55:29,5322
2025-10-08 08:56:29,5322
2025-10-08 08:57:29,5322
2025-10-08 08:58:29,5322
2025-10-08 08:59:29,5322
2025-10-08 09:00:29,5322
2025-10-08 09:02:28,5344
2025-10-08 09:03:28,5359
2025-10-08 09:04:28,5374
2025-10-08 09:05:28,5389
2025-10-08 09:06:28,5404
2025-10-08 09:07:28,5419
2025-10-08 09:08:28,5434
2025-10-08 09:09:28,5449
2025-10-08 09:10:28,5464
2025-10-08 09:11:28,5479
2025-10-08 09:12:28,5494
2025-10-08 09:13:28,5509
2025-10-08 09:14:28,5524
2025-10-08 09:15:28,5539
2025-10-08 09:16:28,5554
2025-10-08 09:17:28,5569
2025-10-08 09:18:28,5584
2025-10-08 09:19:28,5599
2025-10-08 09:20:28,5614
2025-10-08 09:21:28,5629
2025-10-08 09:22:28,5644
2025-10-08 09:23:28,5659
2025-10-08 09:24:28,5674
2025-10-08 09:25:28,5689
2025-10-08 09:26:28,5704
2025-10-08 09:27:28,5719
2025-10-08 09:28:28,5734
2025-10-08 09:29:28,5749
2025-10-08 09:30:28,5764
2025-10-08 09:31:28,5779
2025-10-08 09:32:28,5794
2025-10-08 09:33:28,5809
2025-10-08 09:34:28,5824
2025-10-08 09:35:28,5839
2025-10-08 09:36:28,5854
2025-10-08 09:37:28,5869
2025-10-08 09:38:28,5884
2025-10-08 09:39:28,5899
2025-10-08 09:40:28,5914
2025-10-08 09:41:28,5929
2025-10-08 09:42:28,5944
2025-10-08 09:43:28,5959
2025-10-08 09:44:28,5974
2025-10-08 09:45:28,5989
2025-10-08 09:46:28,6004
2025-10-08 09:47:28,6019
2025-10-08 09:48:28,6034
2025-10-08 09:49:28,6049
2025-10-08 09:50:28,6064
2025-10-08 09:51:28,6079
2025-10-08 09:52:28,6094
2025-10-08 09:53:28,6109
2025-10-08 09:54:28,6124
2025-10-08 09:55:28,6139
2025-10-08 09:56:28,6154
2025-10-08 09:57:28,6169
2025-10-08 09:58:28,6184
2025-10-08 09:59:28,6199
2025-10-08 10:00:28,6214
2025-10-08 10:01:28,6229
2025-10-08 10:02:28,6244
2025-10-08 10:03:28,6259
2025-10-08 10:04:28,6274
2025-10-08 10:05:28,6280
2025-10-08 10:06:28,6280
2025-10-08 10:07:28,6280
2025-10-08 10:08:28,6280
2025-10-08 10:09:28,6289
2025-10-08 10:10:28,6289
2025-10-08 10:11:28,6289
2025-10-08 10:12:28,6289
2025-10-08 10:13:28,6307
2025-10-08 10:14:28,6322
2025-10-08 10:15:28,6337
2025-10-08 10:16:28,6352
2025-10-08 10:17:28,6367
2025-10-08 10:18:28,6382
2025-10-08 10:19:28,6397
2025-10-08 10:20:28,6412
2025-10-08 10:21:28,6427
2025-10-08 10:22:28,6442
2025-10-08 10:23:28,6457
2025-10-08 10:24:28,6472
2025-10-08 10:25:28,6487
2025-10-08 10:26:28,6502
2025-10-08 10:27:28,6517
2025-10-08 10:28:28,6532
2025-10-08 10:29:28,6547
2025-10-08 10:30:28,6562
2025-10-08 10:31:28,6577
2025-10-08 10:32:28,6592
2025-10-08 10:33:28,6607
2025-10-08 10:34:28,6622
2025-10-08 10:35:28,6637
2025-10-08 10:36:28,6652
2025-10-08 10:37:28,6667
2025-10-08 10:38:28,6682
2025-10-08 10:39:28,6697
2025-10-08 10:40:28,6712
2025-10-08 10:41:28,6727
2025-10-08 10:42:28,6742
2025-10-08 10:43:28,6757
2025-10-08 10:44:28,6772
2025-10-08 10:45:28,6787
2025-10-08 10:46:28,6802
2025-10-08 10:47:28,6817
2025-10-08 10:48:28,6832
2025-10-08 10:49:28,6847
2025-10-08 10:50:28,6862
2025-10-08 10:51:28,6877
2025-10-08 10:52:28,6892
2025-10-08 10:53:28,6907
2025-10-08 10:54:28,6922
2025-10-08 10:55:28,6937
2025-10-08 10:56:28,6952
2025-10-08 10:57:28,6967
2025-10-08 10:58:28,6982
2025-10-08 10:59:28,6997
2025-10-08 11:00:28,7012
2025-10-08 11:01:28,7027
2025-10-08 11:02:28,7033
2025-10-08 11:03:28,7033
2025-10-08 11:04:28,7033
2025-10-08 11:05:28,7033
2025-10-08 11:06:28,7033
2025-10-08 11:07:28,7033
2025-10-08 11:08:28,7033
2025-10-08 11:09:28,7033
2025-10-08 11:10:28,7033
2025-10-08 11:11:28,7033
2025-10-08 11:12:28,7033
2025-10-08 11:13:28,7033
2025-10-08 11:14:28,7033
2025-10-08 11:15:28,7033
2025-10-08 11:16:28,7033
2025-10-08 11:17:28,7033
2025-10-08 11:18:28,7033
2025-10-08 11:19:28,7033
2025-10-08 11:20:28,7033
2025-10-08 11:21:28,7033
2025-10-08 11:22:28,7033
2025-10-08 11:23:28,7033
2025-10-08 11:24:28,7033
2025-10-08 11:25:28,7033
2025-10-08 11:26:28,7033
2025-10-08 11:27:28,7033
2025-10-08 11:28:28,7033
2025-10-08 11:29:28,7033
2025-10-08 11:30:28,7033
2025-10-08 11:31:28,7033
2025-10-08 11:32:28,7033
2025-10-08 11:33:28,7033
2025-10-08 11:34:28,7033
2025-10-08 11:35:28,7033
2025-10-08 11:36:28,7033
2025-10-08 11:37:28,7033
2025-10-08 11:38:28,7033
2025-10-08 11:39:28,7033
2025-10-08 11:40:28,7033
2025-10-08 11:41:28,7033
2025-10-08 11:42:28,7033
2025-10-08 11:43:28,7033
2025-10-08 11:44:28,7033
2025-10-08 11:45:28,7033
2025-10-08 11:46:28,7033
2025-10-08 11:47:28,7033
2025-10-08 11:48:28,7033
2025-10-08 11:49:28,7033
2025-10-08 11:50:28,7033
2025-10-08 11:51:28,7033
2025-10-08 11:52:28,7033
2025-10-08 11:53:28,7033
2025-10-08 11:54:28,7033
2025-10-08 11:55:28,7033
2025-10-08 11:56:28,7033
2025-10-08 11:57:28,7033
2025-10-08 11:58:28,7033
2025-10-08 11:59:28,7033
2025-10-08 12:00:28,7033
2025-10-08 12:01:28,7033
2025-10-08 12:02:28,7033
2025-10-08 12:03:28,7033
2025-10-08 12:04:28,7033
2025-10-08 12:05:28,7033
2025-10-08 12:06:28,7033
2025-10-08 12:07:28,7033
2025-10-08 12:08:28,7033
2025-10-08 12:09:28,7033
2025-10-08 12:10:28,7033
2025-10-08 12:11:28,7033
2025-10-08 12:12:28,7033
2025-10-08 12:13:28,7042
2025-10-08 12:14:28,7042
2025-10-08 12:15:28,7042
2025-10-08 12:16:28,7042
2025-10-08 12:17:28,7042
2025-10-08 12:18:28,7042
2025-10-08 12:19:28,7042
2025-10-08 12:20:28,7042
2025-10-08 12:21:28,7042
2025-10-08 12:22:28,7042
2025-10-08 12:23:28,7042
2025-10-08 12:24:28,7042
2025-10-08 12:25:28,7042
2025-10-08 12:26:28,7042
2025-10-08 12:27:28,7042
2025-10-08 12:28:28,7042
2025-10-08 12:29:28,7042
2025-10-08 12:30:28,7042
2025-10-08 12:31:28,7042
2025-10-08 12:32:28,7042
2025-10-08 12:33:28,7042
2025-10-08 12:34:28,7042
2025-10-08 12:35:28,7042
2025-10-08 12:36:28,7042
2025-10-08 12:37:28,7042
2025-10-08 12:38:28,7042
2025-10-08 12:39:28,7042
2025-10-08 12:40:28,7042
2025-10-08 12:41:28,7042
2025-10-08 12:42:28,7042
2025-10-08 12:43:28,7042
2025-10-08 12:44:28,7042
2025-10-08 12:45:28,7042
2025-10-08 12:46:28,7042
2025-10-08 12:47:28,7042
2025-10-08 12:48:28,7042
2025-10-08 12:49:28,7042
2025-10-08 12:50:28,7042
2025-10-08 12:51:28,7042
2025-10-08 12:52:28,7042
2025-10-08 12:53:28,7042
2025-10-08 12:54:28,7042
2025-10-08 12:55:28,7042
2025-10-08 12:56:28,7042
2025-10-08 12:57:28,7042
2025-10-08 12:58:28,7042
2025-10-08 12:59:28,7042
2025-10-08 13:00:28,7042
2025-10-08 13:01:28,7042
2025-10-08 13:02:28,7042
2025-10-08 13:03:28,7042
2025-10-08 13:04:28,7042
2025-10-08 13:05:28,7042
2025-10-08 13:06:28,7042
2025-10-08 13:07:28,7042
2025-10-08 13:08:28,7042
2025-10-08 13:09:28,7042
2025-10-08 13:10:28,7042
2025-10-08 13:11:28,7042
2025-10-08 13:12:28,7042
2025-10-08 13:13:28,7042
2025-10-08 13:14:28,7042
2025-10-08 13:15:28,7042
2025-10-08 13:16:28,7042
2025-10-08 13:17:28,7042
2025-10-08 13:18:28,7042
2025-10-08 13:19:28,7042
2025-10-08 13:20:28,7042
2025-10-08 13:21:28,7042
2025-10-08 13:22:28,7042
2025-10-08 13:23:28,7042
2025-10-08 13:24:28,7042
2025-10-08 13:25:28,7060
2025-10-08 13:26:28,7075
2025-10-08 13:27:28,7090
2025-10-08 13:28:28,7105
2025-10-08 13:29:28,7120
2025-10-08 13:30:28,7135
2025-10-08 13:31:28,7150
2025-10-08 13:32:28,7165
2025-10-08 13:33:28,7180
2025-10-08 13:34:28,7195
2025-10-08 13:35:28,7210
2025-10-08 13:36:28,7225
2025-10-08 13:37:28,7240
2025-10-08 13:38:28,7255
2025-10-08 13:39:28,7270
2025-10-08 13:40:28,7285
2025-10-08 13:41:28,7300
2025-10-08 13:42:28,7315
2025-10-08 13:43:28,7330
2025-10-08 13:44:28,7345
2025-10-08 13:45:28,7360
2025-10-08 13:46:28,7375
2025-10-08 13:47:28,7390
2025-10-08 13:48:28,7405
2025-10-08 13:49:28,7420
2025-10-08 13:50:28,7435
2025-10-08 13:51:28,7441
2025-10-08 13:52:28,7441
2025-10-08 13:53:28,7441
2025-10-08 13:54:28,7441
2025-10-08 13:55:28,7441
2025-10-08 13:56:28,7441
2025-10-08 13:57:28,7441
2025-10-08 13:58:28,7441
2025-10-08 13:59:28,7441
2025-10-08 14:00:28,7441
2025-10-08 14:01:28,7441
2025-10-08 14:02:28,7441
2025-10-08 14:03:28,7441
2025-10-08 14:04:28,7441
2025-10-08 14:05:28,7441
2025-10-08 14:06:28,7441
2025-10-08 14:07:28,7441
2025-10-08 14:08:28,7441
2025-10-08 14:09:28,7441
2025-10-08 14:10:28,7441
2025-10-08 14:11:28,7441
2025-10-08 14:12:28,7441
2025-10-08 14:13:28,7441
2025-10-08 14:14:28,7441
2025-10-08 14:15:28,7441
2025-10-08 14:16:28,7441
2025-10-08 14:17:28,7441
2025-10-08 14:18:28,7441
2025-10-08 14:19:28,7441
2025-10-08 14:20:28,7441
2025-10-08 14:21:28,7441
2025-10-08 14:22:28,7441
2025-10-08 14:23:28,7441
2025-10-08 14:24:28,7441
2025-10-08 14:25:28,7441
2025-10-08 14:26:28,7441
2025-10-08 14:27:28,7441
2025-10-08 14:28:28,7441
2025-10-08 14:29:28,7441
2025-10-08 14:30:28,7441
2025-10-08 14:31:28,7441
2025-10-08 14:32:28,7441
2025-10-08 14:33:28,7441
2025-10-08 14:34:28,7441
2025-10-08 14:35:28,7441
2025-10-08 14:36:28,7441
2025-10-08 14:37:28,7441
2025-10-08 14:38:28,7441
2025-10-08 14:39:28,7441
2025-10-08 14:40:28,7441
2025-10-08 14:41:28,7441
2025-10-08 14:42:28,7441
2025-10-08 14:43:28,7441
2025-10-08 14:44:28,7441
2025-10-08 14:45:28,7441
2025-10-08 14:46:28,7441
2025-10-08 14:47:28,7441
2025-10-08 14:48:28,7441
2025-10-08 14:49:28,7441
2025-10-08 14:50:28,7450
2025-10-08 14:51:28,7450
2025-10-08 14:52:28,7450
2025-10-08 14:53:28,7450
2025-10-08 14:54:28,7450
2025-10-08 14:55:28,7450
2025-10-08 14:56:28,7450
2025-10-08 14:57:28,7450
2025-10-08 14:58:28,7450
2025-10-08 14:59:28,7450
2025-10-08 15:00:28,7450
2025-10-08 15:01:28,7450
2025-10-08 15:02:28,7450
2025-10-08 15:03:28,7450
2025-10-08 15:04:28,7450
2025-10-08 15:05:28,7450
2025-10-08 15:06:28,7450
2025-10-08 15:07:28,7450
2025-10-08 15:08:28,7450
2025-10-08 15:09:28,7450
2025-10-08 15:10:28,7450
2025-10-08 15:11:28,7450
2025-10-08 15:12:28,7450
2025-10-08 15:13:28,7450
2025-10-08 15:14:28,7450
2025-10-08 15:15:28,7450
2025-10-08 15:16:28,7450
2025-10-08 15:17:28,7450
2025-10-08 15:18:28,7450
2025-10-08 15:19:28,7450
2025-10-08 15:20:28,7450
2025-10-08 15:21:28,7450
2025-10-08 15:22:28,7450
2025-10-08 15:23:28,7450
2025-10-08 15:24:28,7450
2025-10-08 15:25:28,7450
2025-10-08 15:26:28,7450
2025-10-08 15:27:28,7450
2025-10-08 15:28:28,7450
2025-10-08 15:29:28,7450
2025-10-08 15:30:28,7450
2025-10-08 15:31:28,7450
2025-10-08 15:32:28,7450
2025-10-08 15:33:28,7450
2025-10-08 15:34:28,7450
2025-10-08 15:35:28,7450
2025-10-08 15:36:28,7450
2025-10-08 15:37:28,7450
2025-10-08 15:38:28,7450
2025-10-08 15:39:28,7450
2025-10-08 15:40:28,7450
2025-10-08 15:41:28,7450
2025-10-08 15:42:28,7450
2025-10-08 15:43:28,7450
2025-10-08 15:44:28,7450
2025-10-08 15:45:28,7450
2025-10-08 15:46:28,7450
2025-10-08 15:47:28,7450
2025-10-08 15:48:28,7459
2025-10-08 15:49:28,7474
2025-10-08 15:50:28,7489
2025-10-08 15:51:28,7504
2025-10-08 15:52:28,7519
2025-10-08 15:53:28,7534
2025-10-08 15:54:28,7549
2025-10-08 15:55:28,7564
2025-10-08 15:56:28,7579
2025-10-08 15:57:28,7594
2025-10-08 15:58:28,7609
2025-10-08 15:59:28,7624
2025-10-08 16:00:28,7639
2025-10-08 16:01:28,7654
2025-10-08 16:02:28,7669
2025-10-08 16:03:28,7684
2025-10-08 16:04:28,7699
2025-10-08 16:05:28,7714
2025-10-08 16:06:28,7729
2025-10-08 16:07:28,7744
2025-10-08 16:08:28,7759
2025-10-08 16:09:28,7774
2025-10-08 16:10:28,7789
2025-10-08 16:11:28,7804
2025-10-08 16:12:28,7819
2025-10-08 16:13:28,7834
2025-10-08 16:14:28,7849
2025-10-08 16:15:28,7864
2025-10-08 16:16:28,7879
2025-10-08 16:17:28,7894
2025-10-08 16:18:28,7909
2025-10-08 16:19:28,7924
2025-10-08 16:20:28,7939
2025-10-08 16:21:28,7954
2025-10-08 16:22:28,7969
2025-10-08 16:23:28,7984
2025-10-08 16:24:28,7999
2025-10-08 16:25:28,8014
2025-10-08 16:26:28,8029
2025-10-08 16:27:28,8044
2025-10-08 16:28:28,8059
2025-10-08 16:29:28,8074
2025-10-08 16:30:28,8089
2025-10-08 16:31:28,8104
2025-10-08 16:32:28,8119
2025-10-08 16:33:28,8134
2025-10-08 16:34:28,8149
2025-10-08 16:35:28,8164
2025-10-08 16:36:28,8179
2025-10-08 16:37:28,8194
2025-10-08 16:38:28,8209
2025-10-08 16:39:28,8224
2025-10-08 16:40:28,8239
2025-10-08 16:41:28,8254
2025-10-08 16:42:28,8269
2025-10-08 16:43:28,8284
2025-10-08 16:44:28,8299
2025-10-08 16:45:28,8314
2025-10-08 16:46:28,8329
2025-10-08 16:47:28,8344
2025-10-08 16:48:28,8359
2025-10-08 16:49:28,8374
2025-10-08 16:50:28,8389
2025-10-08 16:51:28,8404
2025-10-08 16:52:28,8419
2025-10-08 16:53:28,8434
2025-10-08 16:54:28,8449
2025-10-08 16:55:28,8464
2025-10-08 16:56:28,8479
2025-10-08 16:57:28,8494
2025-10-08 16:58:28,8509
2025-10-08 16:59:28,8524
2025-10-08 17:00:28,8539
2025-10-08 17:01:28,8554
2025-10-08 17:02:28,8569
2025-10-08 17:03:28,8584
2025-10-08 17:04:28,8599
2025-10-08 17:05:28,8614
2025-10-08 17:06:28,8629
2025-10-08 17:07:28,8644
2025-10-08 17:08:28,8659
2025-10-08 17:09:28,8674
2025-10-08 17:10:28,8689
2025-10-08 17:11:28,8704
2025-10-08 17:12:28,8719
2025-10-08 17:13:28,8734
2025-10-08 17:14:28,8749
2025-10-08 17:15:28,8764
2025-10-08 17:16:28,8779
2025-10-08 17:17:28,8794
2025-10-08 17:18:28,8809
2025-10-08 17:19:28,8824
2025-10-08 17:20:28,8839
2025-10-08 17:21:28,8854
2025-10-08 17:22:28,8869
2025-10-08 17:23:28,8884
2025-10-08 17:24:28,8899
2025-10-08 17:25:28,8914
2025-10-08 17:26:28,8929
2025-10-08 17:27:28,8944
2025-10-08 17:28:28,8959
2025-10-08 17:29:28,8974
2025-10-08 17:30:28,8989
2025-10-08 17:31:28,9004
2025-10-08 17:32:28,9020
2025-10-08 17:33:28,9035
2025-10-08 17:34:28,9050
2025-10-08 17:35:28,9065
2025-10-08 17:36:28,9065
2025-10-08 17:37:28,9065
2025-10-08 17:38:28,9065
2025-10-08 17:39:28,9065
2025-10-08 17:40:28,9065
2025-10-08 17:41:28,9065
2025-10-08 17:42:28,9065
2025-10-08 17:43:28,9065
2025-10-08 17:44:28,9065
2025-10-08 17:45:28,9065
2025-10-08 17:46:28,9065
2025-10-08 17:47:28,9065
2025-10-08 17:48:28,9065
2025-10-08 17:49:28,9065
2025-10-08 17:50:28,9065
2025-10-08 17:51:28,9065
2025-10-08 17:52:28,9065
2025-10-08 17:53:28,9065
2025-10-08 17:54:28,9065
2025-10-08 17:55:28,9065
2025-10-08 17:56:28,9065
2025-10-08 17:57:28,9065
2025-10-08 17:58:28,9065
2025-10-08 17:59:28,9065
2025-10-08 18:00:28,9065
2025-10-08 18:01:28,9065
2025-10-08 18:02:28,9065
2025-10-08 18:03:28,9065
2025-10-08 18:04:28,9065
2025-10-08 18:05:28,9065
2025-10-08 18:06:28,9065
2025-10-08 18:07:28,9065
2025-10-08 18:08:28,9065
2025-10-08 18:09:28,9065
2025-10-08 18:10:28,9065
2025-10-08 18:11:28,9065
2025-10-08 18:12:28,9065
2025-10-08 18:13:28,9065
2025-10-08 18:14:28,9065
2025-10-08 18:15:28,9065
2025-10-08 18:16:28,9065
2025-10-08 18:17:28,9065
2025-10-08 18:18:28,9065
2025-10-08 18:19:28,9065
2025-10-08 18:20:28,9065
2025-10-08 18:21:28,9065
2025-10-08 18:22:28,9065
2025-10-08 18:23:28,9065
2025-10-08 18:24:28,9065
2025-10-08 18:25:28,9065
2025-10-08 18:26:28,9065
2025-10-08 18:27:28,9065
2025-10-08 18:28:28,9065
2025-10-08 18:29:28,9065
2025-10-08 18:30:28,9065
2025-10-08 18:31:28,9065
2025-10-08 18:32:28,9065
2025-10-08 18:33:28,9065
2025-10-08 18:34:28,9065
2025-10-08 18:35:28,9065
2025-10-08 18:36:28,9071
2025-10-08 18:37:28,9071
2025-10-08 18:38:28,9071
2025-10-08 18:39:28,9071
2025-10-08 18:40:28,9071
2025-10-08 18:41:28,9071
2025-10-08 18:42:28,9071
2025-10-08 18:43:28,9071
2025-10-08 18:44:28,9071
2025-10-08 18:45:28,9071
2025-10-08 18:46:28,9071
2025-10-08 18:47:28,9071
2025-10-08 18:48:28,9071
2025-10-08 18:49:28,9071
2025-10-08 18:50:28,9071
2025-10-08 18:51:28,9071
2025-10-08 18:52:28,9071
2025-10-08 18:53:28,9071
2025-10-08 18:54:28,9071
2025-10-08 18:55:28,9071
2025-10-08 18:56:28,9071
2025-10-08 18:57:28,9071
2025-10-08 18:58:28,9071
2025-10-08 18:59:28,9071
2025-10-08 19:00:28,9071
2025-10-08 19:01:28,9071
2025-10-08 19:02:28,9071
2025-10-08 19:03:28,9071
2025-10-08 19:04:28,9071
2025-10-08 19:05:28,9071
2025-10-08 19:06:28,9071
2025-10-08 19:07:28,9071
2025-10-08 19:08:28,9071
2025-10-08 19:09:28,9071
2025-10-08 19:10:28,9071
2025-10-08 19:11:28,9071
2025-10-08 19:12:28,9071
2025-10-08 19:13:28,9071
2025-10-08 19:14:28,9071
2025-10-08 19:15:28,9071
2025-10-08 19:16:28,9071
2025-10-08 19:17:28,9071
2025-10-08 19:18:28,9071
2025-10-08 19:19:28,9071
2025-10-08 19:20:28,9071
2025-10-08 19:21:28,9071
2025-10-08 19:22:28,9071
2025-10-08 19:23:28,9071
2025-10-08 19:24:28,9071
2025-10-08 19:25:28,9071
2025-10-08 19:26:28,9071
2025-10-08 19:27:28,9071
2025-10-08 19:28:28,9071
2025-10-08 19:29:28,9071
2025-10-08 19:30:28,9071
2025-10-08 19:31:28,9071
2025-10-08 19:32:28,9071
2025-10-08 19:33:28,9071
2025-10-08 19:34:28,9071
2025-10-08 19:35:28,9071
2025-10-08 19:36:28,9071
2025-10-08 19:37:28,9089
2025-10-08 19:38:28,9104
2025-10-08 19:39:28,9119
2025-10-08 19:40:28,9134
2025-10-08 19:41:28,9149
2025-10-08 19:42:28,9164
2025-10-08 19:43:28,9179
2025-10-08 19:44:28,9194
2025-10-08 19:45:28,9209
2025-10-08 19:46:28,9224
2025-10-08 19:47:28,9239
2025-10-08 19:48:28,9254
2025-10-08 19:49:28,9269
2025-10-08 19:50:28,9284
2025-10-08 19:51:28,9299
2025-10-08 19:52:28,9314
2025-10-08 19:53:28,9329
2025-10-08 19:54:28,9344
2025-10-08 19:55:28,9359
2025-10-08 19:56:28,9374
2025-10-08 19:57:28,9389
2025-10-08 19:58:28,9404
2025-10-08 19:59:28,9419
2025-10-08 20:00:28,9434
2025-10-08 20:01:28,9449
2025-10-08 20:02:28,9464
2025-10-08 20:03:28,9479
2025-10-08 20:04:28,9494
2025-10-08 20:05:28,9509
2025-10-08 20:06:28,9524
2025-10-08 20:07:28,9539
2025-10-08 20:08:28,9554
2025-10-08 20:09:28,9569
2025-10-08 20:10:28,9584
2025-10-08 20:11:28,9599
2025-10-08 20:12:28,9614
2025-10-08 20:13:28,9629
2025-10-08 20:14:28,9645
2025-10-08 20:15:28,9660
2025-10-08 20:16:28,9675
2025-10-08 20:17:28,9690
2025-10-08 20:18:28,9705
2025-10-08 20:19:28,9721
2025-10-08 20:20:28,9736
2025-10-08 20:21:28,9751
2025-10-08 20:22:28,9766
2025-10-08 20:23:28,9781
2025-10-08 20:24:28,9796
2025-10-08 20:25:28,9811
2025-10-08 20:26:28,9826
2025-10-08 20:27:28,9841
2025-10-08 20:28:28,9856
2025-10-08 20:29:28,9871
2025-10-08 20:30:28,9886
2025-10-08 20:31:28,9901
2025-10-08 20:32:28,9916
2025-10-08 20:33:28,9931
2025-10-08 20:34:28,9946
2025-10-08 20:35:28,9961
2025-10-08 20:36:28,9976
2025-10-08 20:37:28,9991
2025-10-08 20:38:28,10006
2025-10-08 20:39:28,10021
2025-10-08 20:40:28,10036
2025-10-08 20:41:28,10051
2025-10-08 20:42:28,10066
2025-10-08 20:43:28,10081
2025-10-08 20:44:28,10096
2025-10-08 20:45:28,10111
2025-10-08 20:46:28,10126
2025-10-08 20:47:28,10141
2025-10-08 20:48:28,10156
2025-10-08 20:49:28,10171
2025-10-08 20:50:28,10186
2025-10-08 20:51:28,10201
2025-10-08 20:52:28,10216
2025-10-08 20:53:28,10231
2025-10-08 20:54:28,10246
2025-10-08 20:55:28,10261
2025-10-08 20:56:28,10276
2025-10-08 20:57:28,10291
2025-10-08 20:58:28,10306
2025-10-08 20:59:28,10321
2025-10-08 21:00:28,10336
2025-10-08 21:01:28,10351
2025-10-08 21:02:28,10366
2025-10-08 21:03:28,10381
2025-10-08 21:04:28,10396
2025-10-08 21:05:28,10411
2025-10-08 21:06:28,10426
2025-10-08 21:07:28,10441
2025-10-08 21:08:28,10456
2025-10-08 21:09:28,10471
2025-10-08 21:10:28,10486
2025-10-08 21:11:28,10501
2025-10-08 21:12:28,10516
2025-10-08 21:13:28,10531
2025-10-08 21:14:28,10546
2025-10-08 21:15:28,10561
2025-10-08 21:16:28,10576
2025-10-08 21:17:28,10591
2025-10-08 21:18:28,10606
2025-10-08 21:19:28,10621
2025-10-08 21:20:28,10636
2025-10-08 21:21:28,10651
2025-10-08 21:22:28,10666
2025-10-08 21:23:28,10681
2025-10-08 21:24:28,10696
2025-10-08 21:25:28,10711
2025-10-08 21:26:28,10726
2025-10-08 21:27:28,10741
2025-10-08 21:28:28,10756
2025-10-08 21:29:28,10771
2025-10-08 21:30:28,10786
2025-10-08 21:31:28,10801
2025-10-08 21:32:28,10816
2025-10-08 21:33:28,10831
2025-10-08 21:34:28,10846
2025-10-08 21:35:28,10861
2025-10-08 21:36:28,10876
2025-10-08 21:37:28,10891
2025-10-08 21:38:28,10906
2025-10-08 21:39:28,10921
2025-10-08 21:40:28,10936
2025-10-08 21:41:28,10951
2025-10-08 21:42:28,10966
2025-10-08 21:43:28,10981
2025-10-08 21:44:28,10996
2025-10-08 21:45:28,11011
2025-10-08 21:46:28,11026
2025-10-08 21:47:28,11041
2025-10-08 21:48:28,11056
2025-10-08 21:49:28,11071
2025-10-08 21:50:28,11086
2025-10-08 21:51:28,11101
2025-10-08 21:52:28,11116
2025-10-08 21:53:28,11131
2025-10-08 21:54:28,11146
2025-10-08 21:55:28,11161
2025-10-08 21:56:28,11176
2025-10-08 21:57:28,11191
2025-10-08 21:58:28,11206
2025-10-08 21:59:28,11221
2025-10-08 22:00:28,11236
2025-10-08 22:01:28,11251
2025-10-08 22:02:28,11266
2025-10-08 22:03:28,11281
2025-10-08 22:04:28,11296
2025-10-08 22:05:28,11311
2025-10-08 22:06:28,11326
2025-10-08 22:07:28,11341
2025-10-08 22:08:28,11356
2025-10-08 22:09:28,11371
2025-10-08 22:10:28,11386
2025-10-08 22:11:28,11401
2025-10-08 22:12:28,11416
2025-10-08 22:13:28,11431
2025-10-08 22:14:28,11446
2025-10-08 22:15:28,11461
2025-10-08 22:16:28,11476
2025-10-08 22:17:28,11476
2025-10-08 22:18:28,11476
2025-10-08 22:19:28,11476
2025-10-08 22:20:28,11476
2025-10-08 22:21:28,11476
2025-10-08 22:22:28,11476
2025-10-08 22:23:28,11476
2025-10-08 22:24:28,11476
2025-10-08 22:25:28,11476
2025-10-08 22:26:28,11476
2025-10-08 22:27:28,11476
2025-10-08 22:28:28,11476
2025-10-08 22:29:28,11476
2025-10-08 22:30:28,11476
2025-10-08 22:31:28,11476
2025-10-08 22:32:28,11476
2025-10-08 22:33:28,11476
2025-10-08 22:34:28,11476
2025-10-08 22:35:28,11476
2025-10-08 22:36:28,11476
2025-10-08 22:37:28,11476
2025-10-08 22:38:28,11476
2025-10-08 22:39:28,11476
2025-10-08 22:40:28,11476
2025-10-08 22:41:28,11476
2025-10-08 22:42:28,11476
2025-10-08 22:43:28,11476
2025-10-08 22:44:28,11476
2025-10-08 22:45:28,11476
2025-10-08 22:46:28,11476
2025-10-08 22:47:28,11476
2025-10-08 22:48:28,11476
2025-10-08 22:49:28,11476
2025-10-08 22:50:28,11476
2025-10-08 22:51:28,11476
2025-10-08 22:52:28,11476
2025-10-08 22:53:28,11476
2025-10-08 22:54:28,11476
2025-10-08 22:55:28,11476
2025-10-08 22:56:28,11476
2025-10-08 22:57:28,11476
2025-10-08 22:58:28,11476
2025-10-08 22:59:28,11476
2025-10-08 23:00:28,11476
2025-10-08 23:01:28,11476
2025-10-08 23:02:28,11476
2025-10-08 23:03:28,11476
2025-10-08 23:04:28,11476
2025-10-08 23:05:28,11476
2025-10-08 23:06:28,11476
2025-10-08 23:07:28,11476
2025-10-08 23:08:28,11476
2025-10-08 23:09:28,11476
2025-10-08 23:10:28,11476
2025-10-08 23:11:28,11476
2025-10-08 23:12:28,11476
2025-10-08 23:13:28,11476
2025-10-08 23:14:28,11476
2025-10-08 23:15:28,11476
2025-10-08 23:16:28,11476
2025-10-08 23:17:28,11476
2025-10-08 23:18:28,11476
2025-10-08 23:19:28,11476
2025-10-08 23:20:28,11476
2025-10-08 23:21:28,11476
2025-10-08 23:22:28,11476
2025-10-08 23:23:28,11476
2025-10-08 23:24:28,11476
2025-10-08 23:25:28,11476
2025-10-08 23:26:28,11476
2025-10-08 23:27:28,11476
2025-10-08 23:28:28,11476
2025-10-08 23:29:28,11476
2025-10-08 23:30:28,11476
2025-10-08 23:31:28,11476
2025-10-08 23:32:28,11476
2025-10-08 23:33:28,11476
2025-10-08 23:34:28,11476
2025-10-08 23:35:28,11476
2025-10-08 23:36:28,11476
2025-10-08 23:37:28,11476
2025-10-08 23:38:28,11476
2025-10-08 23:39:28,11476
2025-10-08 23:40:28,11476
2025-10-08 23:41:28,11476
2025-10-08 23:42:28,11476
2025-10-08 23:43:28,11476
2025-10-08 23:44:28,11476
2025-10-08 23:45:28,11476
2025-10-08 23:46:28,11476
2025-10-08 23:47:28,11476
2025-10-08 23:48:28,11476
2025-10-08 23:49:28,11476
2025-10-08 23:50:28,11476
2025-10-08 23:51:28,11476
2025-10-08 23:52:28,11476
2025-10-08 23:53:28,11476
2025-10-08 23:54:28,11476
2025-10-08 23:55:28,11476
2025-10-08 23:56:28,11476
2025-10-08 23:57:28,11476
2025-10-08 23:58:28,11476
2025-10-08 23:59:28,11476
2025-10-09 00:00:28,11476
2025-10-09 00:01:28,11476
2025-10-09 00:02:28,11476
2025-10-09 00:03:28,11476
2025-10-09 00:04:28,11476
2025-10-09 00:05:28,11476
2025-10-09 00:06:28,11476
2025-10-09 00:07:28,11476
2025-10-09 00:08:28,11476
2025-10-09 00:09:28,11476
2025-10-09 00:10:28,11476
2025-10-09 00:11:28,11476
2025-10-09 00:12:28,11476
2025-10-09 00:13:28,11476
2025-10-09 00:14:28,11476
2025-10-09 00:15:28,11476
2025-10-09 00:16:28,11476
2025-10-09 00:17:28,11476
2025-10-09 00:18:28,11476
2025-10-09 00:19:28,11476
2025-10-09 00:20:28,11476
2025-10-09 00:21:28,11476
2025-10-09 00:22:28,11476
2025-10-09 00:23:28,11476
2025-10-09 00:24:28,11476
2025-10-09 00:25:28,11476
2025-10-09 00:26:28,11476
2025-10-09 00:27:28,11476
2025-10-09 00:28:28,11476
2025-10-09 00:29:28,11476
2025-10-09 00:30:28,11476
2025-10-09 00:31:28,11476
2025-10-09 00:32:28,11476
2025-10-09 00:33:28,11476
2025-10-09 00:34:28,11476
2025-10-09 00:35:28,11476
2025-10-09 00:36:28,11476
2025-10-09 00:37:28,11476
2025-10-09 00:38:28,11476
2025-10-09 00:39:28,11476
2025-10-09 00:40:28,11476
2025-10-09 00:41:28,11476
2025-10-09 00:42:28,11476
2025-10-09 00:43:28,11476
2025-10-09 00:44:28,11476
2025-10-09 00:45:28,11476
2025-10-09 00:46:28,11476
2025-10-09 00:47:28,11476
2025-10-09 00:48:28,11476
2025-10-09 00:49:28,11476
2025-10-09 00:50:28,11476
2025-10-09 00:51:28,11476
2025-10-09 00:52:28,11476
2025-10-09 00:53:28,11476
2025-10-09 00:54:28,11476
2025-10-09 00:55:28,11476
2025-10-09 00:56:28,11476
2025-10-09 00:57:28,11476
2025-10-09 00:58:28,11476
2025-10-09 00:59:28,11476
2025-10-09 01:00:28,11476
2025-10-09 01:01:28,11476
2025-10-09 01:02:28,11476
2025-10-09 01:03:28,11476
2025-10-09 01:04:28,11476
2025-10-09 01:05:28,11476
2025-10-09 01:06:28,11476
2025-10-09 01:07:28,11476
2025-10-09 01:08:28,11476
2025-10-09 01:09:28,11476
2025-10-09 01:10:28,11476
2025-10-09 01:11:28,11476
2025-10-09 01:12:28,11476
2025-10-09 01:13:28,11476
2025-10-09 01:14:28,11476
2025-10-09 01:15:28,11476
2025-10-09 01:16:28,11476
2025-10-09 01:17:28,11476
2025-10-09 01:18:28,11476
2025-10-09 01:19:28,11476
2025-10-09 01:20:28,11476
2025-10-09 01:21:28,11476
2025-10-09 01:22:28,11476
2025-10-09 01:23:28,11476
2025-10-09 01:24:28,11476
2025-10-09 01:25:28,11476
2025-10-09 01:26:28,11476
2025-10-09 01:27:28,11476
2025-10-09 01:28:28,11476
2025-10-09 01:29:28,11476
2025-10-09 01:30:28,11476
2025-10-09 01:31:28,11476
2025-10-09 01:32:28,11476
2025-10-09 01:33:28,11476
2025-10-09 01:34:28,11476
2025-10-09 01:35:28,11476
2025-10-09 01:36:28,11476
2025-10-09 01:37:28,11476
2025-10-09 01:38:28,11476
2025-10-09 01:39:28,11476
2025-10-09 01:40:28,11476
2025-10-09 01:41:28,11476
2025-10-09 01:42:28,11476
2025-10-09 01:43:28,11476
2025-10-09 01:44:28,11476
2025-10-09 01:45:28,11476
2025-10-09 01:46:28,11476
2025-10-09 01:47:28,11476
2025-10-09 01:48:28,11476
2025-10-09 01:49:28,11476
2025-10-09 01:50:28,11476
2025-10-09 01:51:28,11476
2025-10-09 01:52:28,11476
2025-10-09 01:53:28,11476
2025-10-09 01:54:28,11476
2025-10-09 01:55:28,11476
2025-10-09 01:56:28,11476
2025-10-09 01:57:28,11476
2025-10-09 01:58:28,11476
2025-10-09 01:59:28,11476
2025-10-09 02:00:28,11476
2025-10-09 02:01:28,11476
2025-10-09 02:02:28,11476
2025-10-09 02:03:28,11476
2025-10-09 02:04:28,11476
2025-10-09 02:05:28,11476
2025-10-09 02:06:28,11476
2025-10-09 02:07:28,11476
2025-10-09 02:08:28,11476
2025-10-09 02:09:28,11476
2025-10-09 02:10:28,11476
2025-10-09 02:11:28,11476
2025-10-09 02:12:28,11476
2025-10-09 02:13:28,11476
2025-10-09 02:14:28,11476
2025-10-09 02:15:28,11476
2025-10-09 02:16:28,11476
2025-10-09 02:17:28,11476
2025-10-09 02:18:28,11476
2025-10-09 02:19:28,11476
2025-10-09 02:20:28,11476
2025-10-09 02:21:28,11476
2025-10-09 02:22:28,11476
2025-10-09 02:23:28,11476
2025-10-09 02:24:28,11476
2025-10-09 02:25:28,11476
2025-10-09 02:26:28,11476
2025-10-09 02:27:28,11476
2025-10-09 02:28:28,11476
2025-10-09 02:29:28,11476
2025-10-09 02:30:28,11476
2025-10-09 02:31:28,11476
2025-10-09 02:32:28,11476
2025-10-09 02:33:28,11476
2025-10-09 02:34:28,11476
2025-10-09 02:35:28,11476
2025-10-09 02:36:28,11476
2025-10-09 02:37:28,11476
2025-10-09 02:38:28,11476
2025-10-09 02:39:28,11476
2025-10-09 02:40:28,11476
2025-10-09 02:41:28,11476
2025-10-09 02:42:28,11476
2025-10-09 02:43:28,11476
2025-10-09 02:44:28,11476
2025-10-09 02:45:28,11476
2025-10-09 02:46:28,11476
2025-10-09 02:47:28,11476
2025-10-09 02:48:28,11476
2025-10-09 02:49:28,11476
2025-10-09 02:50:28,11476
2025-10-09 02:51:28,11476
2025-10-09 02:52:28,11476
2025-10-09 02:53:28,11476
2025-10-09 02:54:28,11476
2025-10-09 02:55:28,11476
2025-10-09 02:56:28,11476
2025-10-09 02:57:28,11476
2025-10-09 02:58:28,11476
2025-10-09 02:59:28,11476
2025-10-09 03:00:28,11476
2025-10-09 03:01:28,11476
2025-10-09 03:02:28,11476
2025-10-09 03:03:28,11476
2025-10-09 03:04:28,11476
2025-10-09 03:05:28,11476
2025-10-09 03:06:28,11476
2025-10-09 03:07:28,11476
2025-10-09 03:08:28,11476
2025-10-09 03:09:28,11476
2025-10-09 03:10:28,11476
2025-10-09 03:11:28,11476
2025-10-09 03:12:28,11476
2025-10-09 03:13:28,11476
2025-10-09 03:14:28,11476
2025-10-09 03:15:28,11476
2025-10-09 03:16:28,11476
2025-10-09 03:17:28,11476
2025-10-09 03:18:28,11476
2025-10-09 03:19:28,11476
2025-10-09 03:20:28,11476
2025-10-09 03:21:28,11476
2025-10-09 03:22:28,11476
2025-10-09 03:23:28,11476
2025-10-09 03:24:28,11476
2025-10-09 03:25:28,11476
2025-10-09 03:26:28,11476
2025-10-09 03:27:28,11476
2025-10-09 03:28:28,11476
2025-10-09 03:29:28,11476
2025-10-09 03:30:28,11476
2025-10-09 03:31:28,11476
2025-10-09 03:32:28,11476
2025-10-09 03:33:28,11476
2025-10-09 03:34:28,11476
2025-10-09 03:35:28,11476
2025-10-09 03:36:28,11476
2025-10-09 03:37:28,11476
2025-10-09 03:38:28,11476
2025-10-09 03:39:28,11476
2025-10-09 03:40:28,11476
2025-10-09 03:41:28,11476
2025-10-09 03:42:28,11476
2025-10-09 03:43:28,11476
2025-10-09 03:44:28,11476
2025-10-09 03:45:28,11476
2025-10-09 03:46:28,11476
2025-10-09 03:47:28,11476
2025-10-09 03:48:28,11476
2025-10-09 03:49:28,11476
2025-10-09 03:50:28,11476
2025-10-09 03:51:28,11476
2025-10-09 03:52:28,11476
2025-10-09 03:53:28,11476
2025-10-09 03:54:28,11476
2025-10-09 03:55:28,11476
2025-10-09 03:56:28,11476
2025-10-09 03:57:28,11476
2025-10-09 03:58:28,11476
2025-10-09 03:59:28,11476
2025-10-09 04:00:28,11476
2025-10-09 04:01:28,11476
2025-10-09 04:02:28,11476
2025-10-09 04:03:28,11476
2025-10-09 04:04:28,11476
2025-10-09 04:05:28,11476
2025-10-09 04:06:28,11476
2025-10-09 04:07:28,11476
2025-10-09 04:08:28,11476
2025-10-09 04:09:28,11485
2025-10-09 04:10:28,11485
2025-10-09 04:11:28,11485
2025-10-09 04:12:28,11485
2025-10-09 04:13:28,11485
2025-10-09 04:14:28,11485
2025-10-09 04:15:28,11485
2025-10-09 04:16:28,11485
2025-10-09 04:17:28,11485
2025-10-09 04:18:28,11485
2025-10-09 04:19:28,11485
2025-10-09 04:20:28,11485
2025-10-09 04:21:28,11485
2025-10-09 04:22:28,11485
2025-10-09 04:23:28,11485
2025-10-09 04:24:28,11485
2025-10-09 04:25:28,11485
2025-10-09 04:26:28,11485
2025-10-09 04:27:28,11485
2025-10-09 04:28:28,11485
2025-10-09 04:29:28,11485
2025-10-09 04:30:28,11485
2025-10-09 04:31:28,11485
2025-10-09 04:32:28,11485
2025-10-09 04:33:28,11485
2025-10-09 04:34:28,11485
2025-10-09 04:35:28,11485
2025-10-09 04:36:28,11485
2025-10-09 04:37:28,11485
2025-10-09 04:38:28,11485
2025-10-09 04:39:28,11485
2025-10-09 04:40:28,11485
2025-10-09 04:41:28,11485
2025-10-09 04:42:28,11485
2025-10-09 04:43:28,11485
2025-10-09 04:44:28,11485
2025-10-09 04:45:28,11485
2025-10-09 04:46:28,11485
2025-10-09 04:47:28,11485
2025-10-09 04:48:28,11485
2025-10-09 04:49:28,11485
2025-10-09 04:50:28,11485
2025-10-09 04:51:28,11485
2025-10-09 04:52:28,11485
2025-10-09 04:53:28,11485
2025-10-09 04:54:28,11485
2025-10-09 04:55:28,11485
2025-10-09 04:56:28,11485
2025-10-09 04:57:28,11485
2025-10-09 04:58:28,11485
2025-10-09 04:59:28,11485
2025-10-09 05:00:28,11485
2025-10-09 05:01:28,11485
2025-10-09 05:02:28,11485
2025-10-09 05:03:28,11485
2025-10-09 05:04:28,11485
2025-10-09 05:05:28,11485
2025-10-09 05:06:28,11485
2025-10-09 05:07:28,11485
2025-10-09 05:08:28,11485
2025-10-09 05:09:28,11485
2025-10-09 05:10:28,11485
2025-10-09 05:11:28,11485
2025-10-09 05:12:28,11485
2025-10-09 05:13:28,11485
2025-10-09 05:14:28,11485
2025-10-09 05:15:28,11485
2025-10-09 05:16:28,11485
2025-10-09 05:17:28,11485
2025-10-09 05:18:28,11485
2025-10-09 05:19:28,11485
2025-10-09 05:20:28,11485
2025-10-09 05:21:28,11485
2025-10-09 05:22:28,11485
2025-10-09 05:23:28,11485
2025-10-09 05:24:28,11485
2025-10-09 05:25:28,11485
2025-10-09 05:26:28,11485
2025-10-09 05:27:28,11485
2025-10-09 05:28:28,11485
2025-10-09 05:29:28,11485
2025-10-09 05:30:28,11485
2025-10-09 05:31:28,11485
2025-10-09 05:32:28,11485
2025-10-09 05:33:28,11485
2025-10-09 05:34:28,11485
2025-10-09 05:35:28,11485
2025-10-09 05:36:28,11485
2025-10-09 05:37:28,11485
2025-10-09 05:38:28,11485
2025-10-09 05:39:28,11485
2025-10-09 05:40:28,11485
2025-10-09 05:41:28,11485
2025-10-09 05:42:28,11485
2025-10-09 05:43:28,11485
2025-10-09 05:44:28,11485
2025-10-09 05:45:28,11485
2025-10-09 05:46:28,11485
2025-10-09 05:47:28,11485
2025-10-09 05:48:28,11485
2025-10-09 05:49:28,11485
2025-10-09 05:50:28,11485
2025-10-09 05:51:28,11485
2025-10-09 05:52:28,11485
2025-10-09 05:53:28,11485
2025-10-09 05:54:28,11485
2025-10-09 05:55:28,11485
2025-10-09 05:56:28,11485
2025-10-09 05:57:28,11485
2025-10-09 05:58:28,11485
2025-10-09 05:59:28,11485
2025-10-09 06:00:28,11485
2025-10-09 06:01:28,11485
2025-10-09 06:02:28,11485
2025-10-09 06:03:28,11485
2025-10-09 06:04:28,11485
2025-10-09 06:05:28,11485
2025-10-09 06:06:28,11485
2025-10-09 06:07:28,11485
2025-10-09 06:08:28,11485
2025-10-09 06:09:28,11485
2025-10-09 06:10:28,11485
2025-10-09 06:11:28,11485
2025-10-09 06:12:28,11485
2025-10-09 06:13:28,11485
2025-10-09 06:14:28,11485
2025-10-09 06:15:28,11485
2025-10-09 06:16:28,11485
2025-10-09 06:17:28,11485
2025-10-09 06:18:28,11485
2025-10-09 06:19:28,11485
2025-10-09 06:20:28,11485
2025-10-09 06:21:28,11485
2025-10-09 06:22:28,11485
2025-10-09 06:23:28,11485
2025-10-09 06:24:28,11485
2025-10-09 06:25:28,11485
2025-10-09 06:26:28,11485
2025-10-09 06:27:28,11485
2025-10-09 06:28:28,11485
2025-10-09 06:29:28,11485
2025-10-09 06:30:28,11485
2025-10-09 06:31:28,11485
2025-10-09 06:32:28,11485
2025-10-09 06:33:28,11485
2025-10-09 06:34:28,11485
2025-10-09 06:35:28,11485
2025-10-09 06:36:28,11485
2025-10-09 06:37:28,11485
2025-10-09 06:38:28,11485
2025-10-09 06:39:28,11485
2025-10-09 06:40:28,11485
2025-10-09 06:41:28,11485
2025-10-09 06:42:28,11485
2025-10-09 06:43:28,11485
2025-10-09 06:44:28,11485
2025-10-09 06:45:28,11485
2025-10-09 06:46:28,11485
2025-10-09 06:47:28,11485
2025-10-09 06:48:28,11485
2025-10-09 06:49:28,11485
2025-10-09 06:50:28,11485
2025-10-09 06:51:28,11485
2025-10-09 06:52:28,11485
2025-10-09 06:53:28,11485
2025-10-09 06:54:28,11485
2025-10-09 06:55:28,11485
2025-10-09 06:56:28,11485
2025-10-09 06:57:28,11485
2025-10-09 06:58:28,11485
2025-10-09 06:59:28,11485
2025-10-09 07:00:28,11485
2025-10-09 07:01:28,11485
2025-10-09 07:02:28,11485
2025-10-09 07:03:28,11485
2025-10-09 07:04:28,11485
2025-10-09 07:05:28,11485
2025-10-09 07:06:28,11485
2025-10-09 07:07:28,11485
2025-10-09 07:08:28,11485
2025-10-09 07:09:28,11485
2025-10-09 07:10:28,11485
2025-10-09 07:11:28,11485
2025-10-09 07:12:28,11485
2025-10-09 07:13:28,11485
2025-10-09 07:14:28,11485
2025-10-09 07:15:28,11485
2025-10-09 07:16:28,11485
2025-10-09 07:17:28,11485
2025-10-09 07:18:28,11485
2025-10-09 07:19:28,11485
2025-10-09 07:20:28,11485
2025-10-09 07:21:28,11485
2025-10-09 07:22:28,11485
2025-10-09 07:23:28,11485
2025-10-09 07:24:28,11485
2025-10-09 07:25:28,11485
2025-10-09 07:26:28,11485
2025-10-09 07:27:28,11485
2025-10-09 07:28:28,11485
2025-10-09 07:29:28,11485
2025-10-09 07:30:28,11485
2025-10-09 07:31:28,11485
2025-10-09 07:32:28,11485
2025-10-09 07:33:28,11485
2025-10-09 07:34:28,11485
2025-10-09 07:35:28,11485
2025-10-09 07:36:28,11485
2025-10-09 07:37:28,11485
2025-10-09 07:38:28,11485
2025-10-09 07:39:28,11485
2025-10-09 07:40:28,11485
2025-10-09 07:41:28,11485
2025-10-09 07:42:28,11485
2025-10-09 07:43:28,11485
2025-10-09 07:44:28,11485
2025-10-09 07:45:28,11485
2025-10-09 07:46:28,11485
2025-10-09 07:47:28,11485
2025-10-09 07:48:28,11485
2025-10-09 07:49:28,11485
2025-10-09 07:50:28,11485
2025-10-09 07:51:28,11485
2025-10-09 07:52:28,11485
2025-10-09 07:53:28,11485
2025-10-09 07:54:28,11485
2025-10-09 07:55:28,11485
2025-10-09 07:56:28,11485
2025-10-09 07:57:28,11485
2025-10-09 07:58:28,11485
2025-10-09 07:59:28,11485
2025-10-09 08:00:28,11485
2025-10-09 08:01:28,11485
2025-10-09 08:02:28,11485
2025-10-09 08:03:28,11485
2025-10-09 08:04:28,11485
2025-10-09 08:05:28,11485
2025-10-09 08:06:28,11485
2025-10-09 08:07:28,11485
2025-10-09 08:08:28,11485
2025-10-09 08:09:28,11485
2025-10-09 08:10:28,11485
2025-10-09 08:11:28,11485
2025-10-09 08:12:28,11485
2025-10-09 08:13:28,11485
2025-10-09 08:14:28,11485
2025-10-09 08:15:28,11485
2025-10-09 08:16:28,11485
2025-10-09 08:17:28,11485
2025-10-09 08:18:28,11485
2025-10-09 08:19:28,11485
2025-10-09 08:20:28,11485
2025-10-09 08:21:28,11485
2025-10-09 08:22:28,11485
2025-10-09 08:23:28,11485
2025-10-09 08:24:28,11485
2025-10-09 08:25:28,11485
2025-10-09 08:26:28,11485
2025-10-09 08:27:28,11485
2025-10-09 08:28:28,11485
2025-10-09 08:29:28,11485
2025-10-09 08:30:28,11485
2025-10-09 08:31:28,11485
2025-10-09 08:32:28,11485
2025-10-09 08:33:28,11485
2025-10-09 08:34:28,11485
2025-10-09 08:35:28,11485
2025-10-09 08:36:28,11485
2025-10-09 08:37:28,11485
2025-10-09 08:38:28,11485
2025-10-09 08:39:28,11485
2025-10-09 08:40:28,11485
2025-10-09 08:41:28,11485
2025-10-09 08:42:28,11485
2025-10-09 08:43:28,11485
2025-10-09 08:44:28,11485
2025-10-09 08:45:28,11485
2025-10-09 08:46:28,11485
2025-10-09 08:47:28,11485
2025-10-09 08:48:28,11485
2025-10-09 08:49:28,11485
2025-10-09 08:50:28,11485
2025-10-09 08:51:28,11485
2025-10-09 08:52:28,11485
2025-10-09 08:53:28,11485
2025-10-09 08:54:28,11485
2025-10-09 08:55:28,11485
2025-10-09 08:56:28,11485
2025-10-09 08:57:28,11485
2025-10-09 08:58:28,11485
2025-10-09 08:59:28,11485
2025-10-09 09:00:28,11485
2025-10-09 09:01:28,11485
2025-10-09 09:02:28,11485
2025-10-09 09:03:28,11485
2025-10-09 09:04:28,11485
2025-10-09 09:05:28,11485
2025-10-09 09:06:28,11485
2025-10-09 09:07:28,11485
2025-10-09 09:08:28,11485
2025-10-09 09:09:28,11485
2025-10-09 09:10:28,11485
2025-10-09 09:11:28,11485
2025-10-09 09:12:28,11485
2025-10-09 09:13:28,11485
2025-10-09 09:14:28,11485
2025-10-09 09:15:28,11485
2025-10-09 09:16:28,11485
2025-10-09 09:17:28,11485
2025-10-09 09:18:28,11485
2025-10-09 09:19:28,11485
2025-10-09 09:20:28,11485
2025-10-09 09:21:28,11485
2025-10-09 09:22:28,11485
2025-10-09 09:23:28,11485
2025-10-09 09:24:28,11485
2025-10-09 09:25:28,11485
2025-10-09 09:26:28,11485
2025-10-09 09:27:28,11485
2025-10-09 09:28:28,11485
2025-10-09 09:29:28,11485
2025-10-09 09:30:28,11485
2025-10-09 09:31:28,11485
2025-10-09 09:32:28,11485
2025-10-09 09:33:28,11485
2025-10-09 09:34:28,11485
2025-10-09 09:35:28,11485
2025-10-09 09:36:28,11485
2025-10-09 09:37:28,11485
2025-10-09 09:38:28,11485
2025-10-09 09:39:28,11485
2025-10-09 09:40:28,11485
2025-10-09 09:41:28,11485
2025-10-09 09:42:28,11485
2025-10-09 09:43:28,11485
2025-10-09 09:44:28,11485
2025-10-09 09:45:28,11485
2025-10-09 09:46:28,11485
2025-10-09 09:47:28,11485
2025-10-09 09:48:28,11485
2025-10-09 09:49:28,11485
2025-10-09 09:50:28,11485
2025-10-09 09:51:28,11485
2025-10-09 09:52:28,11485
2025-10-09 09:53:28,11485
2025-10-09 09:54:28,11485
2025-10-09 09:55:28,11485
2025-10-09 09:56:28,11485
2025-10-09 09:57:28,11485
2025-10-09 09:58:28,11485
2025-10-09 09:59:28,11485
2025-10-09 10:00:28,11485
2025-10-09 10:01:28,11485
2025-10-09 10:03:30,11506
2025-10-09 10:04:30,11521
2025-10-09 10:05:30,11536
2025-10-09 10:06:30,11550
2025-10-09 10:07:30,11566
2025-10-09 10:08:30,11581
2025-10-09 10:09:30,11596
2025-10-09 10:10:30,11611
2025-10-09 10:11:30,11626
2025-10-09 10:12:30,11641
2025-10-09 10:13:30,11656
2025-10-09 10:14:30,11671
2025-10-09 10:15:30,11686
2025-10-09 10:16:30,11701
2025-10-09 10:17:30,11716
2025-10-09 10:18:30,11731
